sku,alias,source
DEPO-00001,212-15D5 DE HICE,legacy
DEPO-00001,2644,legacy
DEPO-00001,2644-R,legacy
DEPO-00002,SAE-40,legacy
DEPO-00002,Aceite PARA MOTOR,legacy
DEPO-00003,Alogeno BONGO,legacy
DEPO-00003,210-0202-002,legacy
DEPO-00003,210-0202-002-L,legacy
DEPO-00004,Alogeno BONGO,legacy
DEPO-00004,210-0202-002-R,legacy
DEPO-00004,210-0202-002,legacy
DEPO-00005,846-L,legacy
DEPO-00005,846,legacy
DEPO-00005,Alogeno JUNIOR,legacy
DEPO-00006,846,legacy
DEPO-00006,Alogeno JUNIOR,legacy
DEPO-00006,846-R,legacy
DEPO-00007,13-42-L,legacy
DEPO-00007,13-42,legacy
DEPO-00007,Alogeno LEVIN 97,legacy
DEPO-00008,13-42-R,legacy
DEPO-00008,13-42,legacy
DEPO-00008,Alogeno LEVIN 97,legacy
DEPO-00009,Alogeno SUZUKI VITARA,legacy
DEPO-00009,19027,legacy
DEPO-00009,19027-L,legacy
DEPO-00010,Alogeno SUZUKI VITARA,legacy
DEPO-00010,19027-R,legacy
DEPO-00010,19027,legacy
DEPO-00011,400,legacy
DEPO-00011,Alogeno SWIFT,legacy
DEPO-00011,400-L,legacy
DEPO-00012,400,legacy
DEPO-00012,Alogeno SWIFT,legacy
DEPO-00012,400-R,legacy
DEPO-00013,A-VAR,legacy
DEPO-00013,Alogeno VARIOS,legacy
DEPO-00014,Alogeno FORESTER,legacy
DEPO-00014,114-20257-TW-R,legacy
DEPO-00014,114-20257-TW,legacy
DEPO-00015,Alogeno FORESTER,legacy
DEPO-00015,20597-C,legacy
DEPO-00016,Alogeno FORESTER AMARILLO,legacy
DEPO-00016,20597-Y,legacy
DEPO-00017,Amortiguador IPSUM 2004 TRASERO,legacy
DEPO-00017,870118-G,legacy
DEPO-00018,121118,legacy
DEPO-00018,Amortiguador TOYOTA STARLET,legacy
DEPO-00019,Amortiguador CARRY TRASERO,legacy
DEPO-00019,87017,legacy
DEPO-00020,870014,legacy
DEPO-00020,Amortiguador COROLLA TRASERO L,legacy
DEPO-00021,Amortiguador DE CALDINA RTRASERO A MUELLE,legacy
DEPO-00021,870025-G,legacy
DEPO-00022,Amortiguador DE CARRY,legacy
DEPO-00022,870106-G,legacy
DEPO-00023,87009-O,legacy
DEPO-00023,Amortiguador DE COROLLA TRASERO 90 º,legacy
DEPO-00024,870077-G,legacy
DEPO-00024,Amortiguador DE PATHINDER TERRANO TRASERO 56210-0W001,legacy
DEPO-00025,AP-P,legacy
DEPO-00025,Amortiguador DE Puerta PARES,legacy
DEPO-00026,AP-S,legacy
DEPO-00026,Amortiguador DE Puerta SUELTOS,legacy
DEPO-00027,870089,legacy
DEPO-00027,Amortiguador DELANTERO APV,legacy
DEPO-00028,Amortiguador DELANTERO HILUX 90,legacy
DEPO-00028,DS-2007,legacy
DEPO-00029,870059-G,legacy
DEPO-00029,Amortiguador DELANTERO L,legacy
DEPO-00030,870028,legacy
DEPO-00030,Amortiguador DELANTERO LEVIN TRUENO L,legacy
DEPO-00031,Amortiguador DELANTERO LEVIN TRUENO R,legacy
DEPO-00031,870027,legacy
DEPO-00032,870044,legacy
DEPO-00032,Amortiguador DELANTERO PROBOX (L),legacy
DEPO-00033,870047-G,legacy
DEPO-00033,Amortiguador Delantero R-L NOAH LITEACE 97-02 GAS,legacy
DEPO-00034,870105-G,legacy
DEPO-00034,Amortiguador DELNTERO CARRY,legacy
DEPO-00035,870021-G,legacy
DEPO-00035,Amortiguador HIACE,legacy
DEPO-00036,Amortiguador HIALUX VIGO DELANTERO SHIBUMI,legacy
DEPO-00036,341372,legacy
DEPO-00037,Amortiguador HONDA EG TRASERO,legacy
DEPO-00037,870065-G,legacy
DEPO-00038,870100-G,legacy
DEPO-00038,Amortiguador IPSUM MODERNO DELANTERO,legacy
DEPO-00039,Amortiguador IZUSU TROPER DELANTERO SHIBUMI,legacy
DEPO-00039,2618,legacy
DEPO-00040,Amortiguador LAND CRUISER,legacy
DEPO-00040,870026-G,legacy
DEPO-00041,870063-G,legacy
DEPO-00041,Amortiguador MONTERO DELANTERO 02,legacy
DEPO-00042,870051-G,legacy
DEPO-00042,Amortiguador MONTERO TRASER 98,legacy
DEPO-00043,870051-O,legacy
DEPO-00043,Amortiguador MONTERO TRASER 98,legacy
DEPO-00044,870045,legacy
DEPO-00044,Amortiguador PROBOX 4WD 1NZ 4X4 RH,legacy
DEPO-00045,Amortiguador PROBOX NOAH TRASERO,legacy
DEPO-00045,870058-G,legacy
DEPO-00046,Amortiguador RAV4 DELANTERO,legacy
DEPO-00046,870068-G,legacy
DEPO-00047,870122,legacy
DEPO-00047,Amortiguador SUZUKI ALTO,legacy
DEPO-00048,Amortiguador SUZUKI SWIFT L,legacy
DEPO-00048,A-2159,legacy
DEPO-00049,Amortiguador SUZUKI SWIFT R,legacy
DEPO-00049,A-2158,legacy
DEPO-00050,Amortiguador SUZUKI VITRA R,legacy
DEPO-00050,870060-G,legacy
DEPO-00051,Amortiguador TOWN ACE NOAH DELANTERO,legacy
DEPO-00051,870047-O,legacy
DEPO-00052,870086-G,legacy
DEPO-00052,Amortiguador TOYOTA DELANTERO HIACE,legacy
DEPO-00053,870033-G,legacy
DEPO-00053,Amortiguador TRASERO CALDINA ESPIRAL (L),legacy
DEPO-00054,Amortiguador TRASERO DE COROLLA A GAS,legacy
DEPO-00054,870009-G,legacy
DEPO-00055,870103-G,legacy
DEPO-00055,Amortiguador TRASERO MITSUBISHI CHARIOT RVR,legacy
DEPO-00056,Amortiguador TRASERO STARLET EP82,legacy
DEPO-00056,120079,legacy
DEPO-00057,870013-G,legacy
DEPO-00057,Amortiguador Trasero TOY COROLLA RH AE101-CE100 GAS YOITOKI,legacy
DEPO-00058,Amortiguador Trasero TOY DIESEL/GASOLINA COR/VAG TOKICO GAS,legacy
DEPO-00058,870007-G,legacy
DEPO-00059,870007-O,legacy
DEPO-00059,Amortiguador Trasero TOY DIESEL/GASOLINA COR/VAG TOKICO OIL,legacy
DEPO-00060,810100-G,legacy
DEPO-00060,Amortiguador URVAN CHANCHO E25 DELANTERO,legacy
DEPO-00061,870008-G,legacy
DEPO-00061,Amortiguador HIACE TRSERO,legacy
DEPO-00062,870096-G,legacy
DEPO-00062,Amortiguador TRASERO HIACE 2001-2005 OREJA GRANDE,legacy
DEPO-00063,Anticongelante SUPER KOTE COLOR AMARILLO,legacy
DEPO-00063,SK-A,legacy
DEPO-00064,Anticongelante SUPER KOTE COLOR VERDE,legacy
DEPO-00064,SK-V,legacy
DEPO-00065,16X7JJ-5,legacy
DEPO-00065,Aro SUBARU DORADO,legacy
DEPO-00066,GPC-1001,legacy
DEPO-00066,"Aspa IPSUM 96~97~98~99~2000 VENTILADOR COMPLETO 36,5cmX35,4cm",legacy
DEPO-00067,53131-13020-R,legacy
DEPO-00067,Bisel COROLLA 90,legacy
DEPO-00067,53131-13020,legacy
DEPO-00068,Bisel COROLLA KE70 84 212-1231,legacy
DEPO-00068,13-31-R,legacy
DEPO-00068,13-31,legacy
DEPO-00069,13-28-R,legacy
DEPO-00069,Bisel COROLLA KE70 84 CON FRANJA BLANCA 212-1227,legacy
DEPO-00069,13-28,legacy
DEPO-00070,Bisel DE Farol CALDINA GT,legacy
DEPO-00070,BF-CALDINA,legacy
DEPO-00070,BF-CALDINA-L,legacy
DEPO-00071,Bisel DE Farol CALDINA GT,legacy
DEPO-00071,BF-CALDINA,legacy
DEPO-00071,BF-CALDINA-R,legacy
DEPO-00072,BM-JUNIOR,legacy
DEPO-00072,Bisel DE Mascara JUNIOR,legacy
DEPO-00073,BS-IMPREZA-L,legacy
DEPO-00073,BS-IMPREZA,legacy
DEPO-00073,Bisel DE Stop SUBARU IMPREZA,legacy
DEPO-00074,BS-IMPREZA,legacy
DEPO-00074,BS-IMPREZA-R,legacy
DEPO-00074,Bisel DE Stop SUBARU IMPREZA,legacy
DEPO-00075,53130-95J05-R,legacy
DEPO-00075,"Bisel HIACE Mod,85~88 Foco CUADRADO 212-1221",legacy
DEPO-00075,53130-95J05,legacy
DEPO-00076,74081-EX0100-L,legacy
DEPO-00076,74081-EX0100,legacy
DEPO-00076,Bisel SUNNY 310,legacy
DEPO-00077,860033,legacy
DEPO-00077,"Brazo de cremallera HIDRAULICO IPSUM (Hilo fino x 1.5 ext.)16X14X1,5",legacy
DEPO-00078,Brazo de cremallera HIDRAULICO YOITOKI UNIVERSAL 14X16,legacy
DEPO-00078,860030,legacy
DEPO-00079,Brazo de cremallera TOYOTA LARGO YOITOKI Mecanico 14X14,legacy
DEPO-00079,860029,legacy
DEPO-00080,860096,legacy
DEPO-00080,Brazo de cremallera TOYOTA/NISSAN LARGO YOITOKI Mecanico 14X15,legacy
DEPO-00081,BU-SURF-F-R,legacy
DEPO-00081,BU-SURF-F,legacy
DEPO-00081,Buchera HILUX SURF 96 FIBRA,legacy
DEPO-00082,Caliper STI MORDAZA,legacy
DEPO-00082,CALIPER-VAR,legacy
DEPO-00083,GF-DOMINGO-L,legacy
DEPO-00083,GF-DOMINGO,legacy
DEPO-00083,Cantonera METALICA DE SUBARU DOMINGO,legacy
DEPO-00084,GF-DOMINGO-R,legacy
DEPO-00084,GF-DOMINGO,legacy
DEPO-00084,Cantonera METALICA DE SUBARU DOMINGO,legacy
DEPO-00085,C-FORESTER-97,legacy
DEPO-00085,Capota FORESTER 97,legacy
DEPO-00086,Capota HONDA CIVIC EG,legacy
DEPO-00086,C-CIVIC-92,legacy
DEPO-00087,C-EVO4,legacy
DEPO-00087,Capota MITSUBISHI EVOLUTION 4,legacy
DEPO-00088,Capota SUZUKI CULTUS,legacy
DEPO-00088,C-CULTUS-91,legacy
DEPO-00089,Capota SUZUKI VITARA 97 ESCUDO,legacy
DEPO-00089,C-VITARA-97,legacy
DEPO-00090,C-SURF-96,legacy
DEPO-00090,Capota TOYOTA HILUX SURF,legacy
DEPO-00091,Capuchón CON TOPE DE Amortiguador,legacy
DEPO-00091,CAT-300,legacy
DEPO-00092,Capuchón de cremallera HIDRAULICO CORTO MAMUT,legacy
DEPO-00092,400402,legacy
DEPO-00093,Capuchón de JUNTA CE90/AE90 MAMUT,legacy
DEPO-00093,400001,legacy
DEPO-00094,Capuchón de JUNTA CE90/AE90 MAMUT,legacy
DEPO-00094,400002,legacy
DEPO-00095,400200,legacy
DEPO-00095,Capuchón de TRICETA Toyota AE90~CE90 MAMUT,legacy
DEPO-00096,CHI-P-M,legacy
DEPO-00096,Chisguete DE PARCHOQUE MONTERO,legacy
DEPO-00097,CP-RAV4-F,legacy
DEPO-00097,Cola DE PATO RAV 4 98 FIBRA,legacy
DEPO-00098,CP-RAV4,legacy
DEPO-00098,Cola DE PATO RAV 4 98 ORIGINAL,legacy
DEPO-00099,CP-FORESTER00-F,legacy
DEPO-00099,Cola DE PATO SUBARU FORESTER 2000 Fibra vidrio,legacy
DEPO-00100,CP-FORESTER97,legacy
DEPO-00100,Cola DE PATO SUBARU FORESTER 97,legacy
DEPO-00101,Consola CENTRAL,legacy
DEPO-00101,CON-VAR,legacy
DEPO-00102,CON-R-VAR,legacy
DEPO-00102,Consola de Radio CARIB Café,legacy
DEPO-00103,212-1592-L,legacy
DEPO-00103,212-1592,legacy
DEPO-00103,Media luz COROLLA Mod. 95 ~ 96 AE110. SAPITO,legacy
DEPO-00104,Cruceta de dirección Completa TOYOTA AE 90 ( CARDAN ) YOI-273,legacy
DEPO-00104,121222,legacy
DEPO-00105,121219,legacy
DEPO-00105,Cruceta de dirección Completa TOYOTA TURING HIDRAULICO CORTO YOI-265,legacy
DEPO-00106,Cruceta de dirección Completa YOI-272 UNIVERSAL,legacy
DEPO-00106,121221,legacy
DEPO-00107,Disco Subaru DOMINGO,legacy
DEPO-00107,FJD005U,legacy
DEPO-00108,ECU SUBARU,legacy
DEPO-00108,CPU-1F,legacy
DEPO-00109,ECU SUBARU,legacy
DEPO-00109,CPU-4W,legacy
DEPO-00110,CPU-3S-G,legacy
DEPO-00110,ECU TOYOTA 3SG,legacy
DEPO-00111,21-32-R,legacy
DEPO-00111,Embellecedor CALDINA TURING,legacy
DEPO-00111,21-32,legacy
DEPO-00112,1149-204-L,legacy
DEPO-00112,"Embellecedor MITSUBISHI EVOLUCION LANCER1,2,3",legacy
DEPO-00112,1149-204,legacy
DEPO-00113,1149-204,legacy
DEPO-00113,"Embellecedor MITSUBISHI EVOLUCION LANCER 1,2,3",legacy
DEPO-00113,1149-204-R,legacy
DEPO-00114,Embellecedor CALDINA GT,legacy
DEPO-00114,2143-L,legacy
DEPO-00114,2143,legacy
DEPO-00115,Embellecedor CALDINA GT,legacy
DEPO-00115,2143,legacy
DEPO-00115,2143-R,legacy
DEPO-00116,Embellecedor CORONA 88-89,legacy
DEPO-00116,20-207-L,legacy
DEPO-00116,20-207,legacy
DEPO-00117,Embellecedor CORONA 88-89,legacy
DEPO-00117,20-207-R,legacy
DEPO-00117,20-207,legacy
DEPO-00118,Embellecedor FORESTER FIBRA,legacy
DEPO-00118,EM-FORESTER-F,legacy
DEPO-00119,11216,legacy
DEPO-00119,Espejo HONDA EG ELECTRICO 3 PINES,legacy
DEPO-00119,11216-R,legacy
DEPO-00120,010467,legacy
DEPO-00120,Espejo ATRAIL CROMADO,legacy
DEPO-00120,010467-L,legacy
DEPO-00121,010467-R,legacy
DEPO-00121,010467,legacy
DEPO-00121,Espejo ATRAIL CROMADO,legacy
DEPO-00122,547139-L,legacy
DEPO-00122,Espejo CAMRY,legacy
DEPO-00122,547139,legacy
DEPO-00123,2960-L,legacy
DEPO-00123,2960,legacy
DEPO-00123,Espejo CHAPULIN HUEVO,legacy
DEPO-00124,2960-R,legacy
DEPO-00124,2960,legacy
DEPO-00124,Espejo CHAPULIN HUEVO,legacy
DEPO-00125,Espejo CHARIOT RVR,legacy
DEPO-00125,3719-L,legacy
DEPO-00125,3719,legacy
DEPO-00126,2277,legacy
DEPO-00126,2277-L,legacy
DEPO-00126,Espejo COROLLA 92 ELECTRICO 3 PINES,legacy
DEPO-00127,Espejo COROLLA 92 NEGRO R/L Retrovisor MAMUT Unidad CARIB SPRINTER,legacy
DEPO-00127,222111,legacy
DEPO-00127,222111-R,legacy
DEPO-00128,Espejo DATAUN ATRAIL NEGRO,legacy
DEPO-00128,010466-L,legacy
DEPO-00128,010466,legacy
DEPO-00129,E-PT-VAR,legacy
DEPO-00129,Espejo DE MALETERO UNIVERSAL VARIOS CON BRAZO,legacy
DEPO-00130,3366,legacy
DEPO-00130,3366-R,legacy
DEPO-00130,Espejo HIACE 96,legacy
DEPO-00131,3367,legacy
DEPO-00131,3367-L,legacy
DEPO-00131,Espejo HIACE 96 LOBO CHINO,legacy
DEPO-00132,E-HONDA-VAR,legacy
DEPO-00132,Espejo HONDA VARIOS,legacy
DEPO-00133,2787-L,legacy
DEPO-00133,2787,legacy
DEPO-00133,Espejo HONDA ACCORD 96 ELECTRICO,legacy
DEPO-00134,2787,legacy
DEPO-00134,Espejo HONDA ACCORD 96 ELECTRICO,legacy
DEPO-00134,2787-R,legacy
DEPO-00135,19050,legacy
DEPO-00135,Espejo HONDA ACCORD ELECTRICO,legacy
DEPO-00135,19050-R,legacy
DEPO-00136,011003,legacy
DEPO-00136,011003-L,legacy
DEPO-00136,Espejo HONDA EG ELEVTRICO,legacy
DEPO-00137,011003,legacy
DEPO-00137,011003-R,legacy
DEPO-00137,Espejo HONDA EG ELEVTRICO 7 PINES,legacy
DEPO-00138,11003-L,legacy
DEPO-00138,11003,legacy
DEPO-00138,Espejo HONDA EG MANUAL,legacy
DEPO-00139,11003-R,legacy
DEPO-00139,11003,legacy
DEPO-00139,Espejo HONDA EG MANUAL,legacy
DEPO-00140,5259,legacy
DEPO-00140,Espejo HONDA EK 95 /2 PuertaS ELECTRICO 3 PINES,legacy
DEPO-00140,5259-L,legacy
DEPO-00141,Espejo LEVIN AE101,legacy
DEPO-00141,547483-L,legacy
DEPO-00141,547483,legacy
DEPO-00142,547483-R,legacy
DEPO-00142,Espejo LEVIN AE101,legacy
DEPO-00142,547483,legacy
DEPO-00143,Espejo TOYOTA SPRINTER ELECTRICO 3 PINES,legacy
DEPO-00143,4219-E3-R,legacy
DEPO-00143,4219-E3,legacy
DEPO-00144,4219,legacy
DEPO-00144,4219-R,legacy
DEPO-00144,Espejo TOYOTA SPRINTER MANUAL,legacy
DEPO-00145,3686,legacy
DEPO-00145,Espejo MISTUBISHI MONTERO NEGRO,legacy
DEPO-00145,3686-L,legacy
DEPO-00146,3686,legacy
DEPO-00146,Espejo MISTUBISHI MONTERO NEGRO,legacy
DEPO-00146,3686-R,legacy
DEPO-00147,MR155318,legacy
DEPO-00147,MR155318-R,legacy
DEPO-00147,Espejo MITSIBISHI JUNIOR,legacy
DEPO-00148,2105,legacy
DEPO-00148,Espejo MITSUBISH GRANDDIS CROMADO,legacy
DEPO-00148,2105-L,legacy
DEPO-00149,2105,legacy
DEPO-00149,Espejo MITSUBISH GRANDDIS CROMADO,legacy
DEPO-00149,2105-R,legacy
DEPO-00150,K317-R,legacy
DEPO-00150,Espejo MITSUBISHI EVO 9,legacy
DEPO-00150,K317,legacy
DEPO-00151,Espejo MITSUBISHI IO,legacy
DEPO-00151,010131-R,legacy
DEPO-00151,010131,legacy
DEPO-00152,02-0067,legacy
DEPO-00152,Espejo MITSUBISHI LANCER 92,legacy
DEPO-00152,02-0067-L,legacy
DEPO-00153,02-0067-R,legacy
DEPO-00153,Espejo MITSUBISHI LANCER 92,legacy
DEPO-00153,02-0067,legacy
DEPO-00154,5419-R,legacy
DEPO-00154,Espejo MITSUBISHI GALANT 96-98,legacy
DEPO-00154,Espejo MITSUBISHI LANCER 99,legacy
DEPO-00154,5419,legacy
DEPO-00155,Espejo MITSUBISHI MONTERO CROMADO ELECTRICO YT7230,legacy
DEPO-00155,3686-C-L,legacy
DEPO-00155,3686-C,legacy
DEPO-00156,Espejo MITSUBISHI MONTERO CROMADO ELECTRICO YT7230,legacy
DEPO-00156,3686-C,legacy
DEPO-00156,3686-C-R,legacy
DEPO-00157,Espejo NISSAN AD 2002-2006 BY11 NEGRO 215-15A3,legacy
DEPO-00157,0455-N,legacy
DEPO-00157,0455-N-L,legacy
DEPO-00158,Espejo NISSAN AD 2002-2006 BY11 NEGRO 215-15A3,legacy
DEPO-00158,0455-N,legacy
DEPO-00158,0455-N-R,legacy
DEPO-00159,Eléctrico,legacy
DEPO-00159,Espejo NISSAN AVENIR,legacy
DEPO-00159,3254,legacy
DEPO-00159,3254-L,legacy
DEPO-00160,Eléctrico,legacy
DEPO-00160,Espejo NISSAN AVENIR,legacy
DEPO-00160,3254,legacy
DEPO-00160,3254-R,legacy
DEPO-00161,Espejo NISSAN B14 ELECTRICO,legacy
DEPO-00161,Espejo Nissan b14 corto Eléctrico 5 pines,legacy
DEPO-00161,4675-E,legacy
DEPO-00161,4675-E-L,legacy
DEPO-00162,Espejo NISSAN B14 ELECTRICO,legacy
DEPO-00162,4675-E-R,legacy
DEPO-00162,Espejo Nissan b14 corto Eléctrico 5 pines,legacy
DEPO-00162,4675-E,legacy
DEPO-00163,4675,legacy
DEPO-00163,Espejo NISSAN B14 MANUAL,legacy
DEPO-00163,4675-L,legacy
DEPO-00164,4675,legacy
DEPO-00164,Espejo NISSAN B14 MANUAL,legacy
DEPO-00164,4675-R,legacy
DEPO-00165,847P,legacy
DEPO-00165,847P-R,legacy
DEPO-00165,Espejo NISSAN BONGO,legacy
DEPO-00166,N36-L,legacy
DEPO-00166,N36,legacy
DEPO-00166,Espejo NISSAN CHAPULIN,legacy
DEPO-00167,Espejo NISSAN CUSTOM,legacy
DEPO-00167,3965-L,legacy
DEPO-00167,3965,legacy
DEPO-00168,Espejo NISSAN MARCH 2004,legacy
DEPO-00168,8289,legacy
DEPO-00168,8289-L,legacy
DEPO-00169,Espejo NISSAN MARCH 2004,legacy
DEPO-00169,8289,legacy
DEPO-00169,8289-R,legacy
DEPO-00170,0815,legacy
DEPO-00170,Espejo NISSAN MARCH 87 / SKYLINE R32 /MICRA K10,legacy
DEPO-00170,Espejo SUNNY b 12 Manual,legacy
DEPO-00170,0815-L,legacy
DEPO-00171,6067,legacy
DEPO-00171,Espejo NISSAN MARCH K11 ELECTRICO,legacy
DEPO-00171,6067-R,legacy
DEPO-00172,3981-R,legacy
DEPO-00172,Espejo NISSAN MARCH K11 MANUAL,legacy
DEPO-00172,3981,legacy
DEPO-00173,Espejo NISSAN PRESSEA 97,legacy
DEPO-00173,3530,legacy
DEPO-00173,3530-L,legacy
DEPO-00174,0043-L,legacy
DEPO-00174,0043,legacy
DEPO-00174,Espejo NISSAN PULSAR 95 /BLUBIRD,legacy
DEPO-00175,0043-R,legacy
DEPO-00175,0043,legacy
DEPO-00175,Espejo NISSAN PULSAR 95 /BLUBIRD,legacy
DEPO-00176,3803-R,legacy
DEPO-00176,Espejo NISSAN SERENA,legacy
DEPO-00176,3803,legacy
DEPO-00177,4572,legacy
DEPO-00177,4572-L,legacy
DEPO-00177,Espejo NISSAN SKYLINE R33,legacy
DEPO-00178,4572,legacy
DEPO-00178,4572-R,legacy
DEPO-00178,Espejo NISSAN SKYLINE R33,legacy
DEPO-00179,192-L,legacy
DEPO-00179,192,legacy
DEPO-00179,Espejo NISSAN URBAN E23,legacy
DEPO-00180,Espejo PROBOX 98 BASE GRANDE,legacy
DEPO-00180,7426,legacy
DEPO-00180,7426-L,legacy
DEPO-00181,Espejo PROBOX 98 BASE GRANDE,legacy
DEPO-00181,7426-R,legacy
DEPO-00181,7426,legacy
DEPO-00182,Espejo RAV4 96,legacy
DEPO-00182,4856,legacy
DEPO-00182,4856-L,legacy
DEPO-00183,Espejo RAV4 96,legacy
DEPO-00183,4856-R,legacy
DEPO-00183,4856,legacy
DEPO-00184,122472-U,legacy
DEPO-00184,Espejo REDONDO UNIVERSAL PEQUEÑO,legacy
DEPO-00185,8030-L,legacy
DEPO-00185,Espejo RESTROVISOR TOYOTA HIACE 2008 BRAZO,legacy
DEPO-00185,8030,legacy
DEPO-00186,5277,legacy
DEPO-00186,5277-R,legacy
DEPO-00186,Espejo RETROVISOR HILUX SURF 99,legacy
DEPO-00187,3666,legacy
DEPO-00187,Espejo RETROVISOR NISSAN AD 90,legacy
DEPO-00187,3666-L,legacy
DEPO-00188,3666,legacy
DEPO-00188,Espejo RETROVISOR NISSAN AD 90,legacy
DEPO-00188,3666-R,legacy
DEPO-00189,5048,legacy
DEPO-00189,5048-R,legacy
DEPO-00189,Espejo SUBARU DOMINGO,legacy
DEPO-00190,Espejo SUBARU IMPREZA 2000,legacy
DEPO-00190,5092-L,legacy
DEPO-00190,5092,legacy
DEPO-00191,5092,legacy
DEPO-00191,Espejo SUBARU IMPREZA 2001,legacy
DEPO-00191,5092-R,legacy
DEPO-00192,1644,legacy
DEPO-00192,Espejo TOWN ACE MOD 87 212-1568,legacy
DEPO-00192,1644-R,legacy
DEPO-00193,Espejo TOWN ACE MOD 87 212-1568,legacy
DEPO-00193,3095,legacy
DEPO-00193,3095-L,legacy
DEPO-00194,8112-L,legacy
DEPO-00194,Espejo TOYOTA CAMRY 1992,legacy
DEPO-00194,8112,legacy
DEPO-00194,Cresta Lx80,legacy
DEPO-00195,Espejo TOYOTA CAMRY 1992,legacy
DEPO-00195,Cresta Lx80,legacy
DEPO-00195,8112,legacy
DEPO-00195,8112-R,legacy
DEPO-00196,6219-L,legacy
DEPO-00196,Espejo TOYOTA CAMRY 88,legacy
DEPO-00196,6219,legacy
DEPO-00197,Espejo TOYOTA CAMRY 88,legacy
DEPO-00197,6219,legacy
DEPO-00197,6219-R,legacy
DEPO-00198,E-FX,legacy
DEPO-00198,E-FX-R,legacy
DEPO-00198,Espejo TOYOTA COROLLA FX,legacy
DEPO-00199,4766,legacy
DEPO-00199,4766-L,legacy
DEPO-00199,Espejo TOYOTA CORONA 93,legacy
DEPO-00200,3710-L,legacy
DEPO-00200,Espejo TOYOTA CORSA 90,legacy
DEPO-00200,3710,legacy
DEPO-00201,48692,legacy
DEPO-00201,48692-L,legacy
DEPO-00201,Espejo TOYOTA CORSA 96,legacy
DEPO-00202,4453,legacy
DEPO-00202,Espejo TOYOTA CROWN,legacy
DEPO-00202,4453-L,legacy
DEPO-00203,4453,legacy
DEPO-00203,Espejo TOYOTA CROWN,legacy
DEPO-00203,4453-R,legacy
DEPO-00204,5483-L,legacy
DEPO-00204,Espejo TOYOTA IPSUM ELÉCTRICO,legacy
DEPO-00204,5483,legacy
DEPO-00205,5483-R,legacy
DEPO-00205,Espejo TOYOTA IPSUM ELÉCTRICO,legacy
DEPO-00205,5483,legacy
DEPO-00206,5862-L,legacy
DEPO-00206,Espejo TOYOTA IPSUM,legacy
DEPO-00206,5862,legacy
DEPO-00207,5862,legacy
DEPO-00207,Espejo TOYOTA IPSUM,legacy
DEPO-00207,5862-R,legacy
DEPO-00208,561326,legacy
DEPO-00208,561326-R,legacy
DEPO-00208,Espejo TOYOTA LEVIN TRUNO 90,legacy
DEPO-00209,3009,legacy
DEPO-00209,Espejo TOYOTA MARCK 98,legacy
DEPO-00209,3009-L,legacy
DEPO-00210,3009,legacy
DEPO-00210,3009-R,legacy
DEPO-00210,Espejo TOYOTA MARCK 98,legacy
DEPO-00211,G-30,legacy
DEPO-00211,Espejo TOYOTA MARCK 98,legacy
DEPO-00211,G-30-L,legacy
DEPO-00212,G-30,legacy
DEPO-00212,G-30-R,legacy
DEPO-00212,Espejo TOYOTA MARCK 98,legacy
DEPO-00213,4230,legacy
DEPO-00213,4230-L,legacy
DEPO-00213,Espejo TOYOTA MARINO,legacy
DEPO-00214,Espejo TOYOTA RAV 4 MOD 99,legacy
DEPO-00214,5574-L,legacy
DEPO-00214,5574,legacy
DEPO-00215,Espejo TOYOTA RAV 4 MOD 99,legacy
DEPO-00215,5574,legacy
DEPO-00215,5574-R,legacy
DEPO-00216,5430-L,legacy
DEPO-00216,5430,legacy
DEPO-00216,Espejo TOYOTA REFLEX,legacy
DEPO-00217,Espejo TOYOTA SPACIO NEGRO ELECTRICO,legacy
DEPO-00217,5480-L,legacy
DEPO-00217,5480,legacy
DEPO-00218,8278,legacy
DEPO-00218,Espejo TOYOTA VITZ ELECTRICO,legacy
DEPO-00218,8278-L,legacy
DEPO-00219,8278,legacy
DEPO-00219,Espejo TOYOTA VITZ ELECTRICO,legacy
DEPO-00219,8278-R,legacy
DEPO-00220,B38,legacy
DEPO-00220,Espejo URVAN E25 CON BRAZO,legacy
DEPO-00220,B38-L,legacy
DEPO-00221,Espejo CRESSIDA,legacy
DEPO-00221,1621,legacy
DEPO-00221,1621-L,legacy
DEPO-00222,Espejo LEVIN 95 ELECTRICO,legacy
DEPO-00222,547483-E,legacy
DEPO-00222,547483-E-R,legacy
DEPO-00223,464,legacy
DEPO-00223,464-R,legacy
DEPO-00223,Espejo MITSUBISHI CHALLENGER,legacy
DEPO-00224,Espejo NISSAN BLUEBIRTH 91-95,legacy
DEPO-00224,8222,legacy
DEPO-00224,8222-R,legacy
DEPO-00225,5770-L,legacy
DEPO-00225,5770,legacy
DEPO-00225,Espejo TOYOTA CALDINA GT,legacy
DEPO-00226,5770-R,legacy
DEPO-00226,5770,legacy
DEPO-00226,Espejo TOYOTA CALDINA GT,legacy
DEPO-00227,3352-R,legacy
DEPO-00227,3352,legacy
DEPO-00227,Espejo TOYOTA CELICA 90,legacy
DEPO-00228,4696-R,legacy
DEPO-00228,Espejo TOYOTA CELICA 98,legacy
DEPO-00228,4696,legacy
DEPO-00229,3488-2-R,legacy
DEPO-00229,Espejo TOYOTA COROLLA 90 MANUAL,legacy
DEPO-00229,3488-2,legacy
DEPO-00230,6658,legacy
DEPO-00230,6658-L,legacy
DEPO-00230,Espejo TOYOTA VITZ MANUAL,legacy
DEPO-00231,6658-R,legacy
DEPO-00231,6658,legacy
DEPO-00231,Espejo TOYOTA VITZ MANUAL,legacy
DEPO-00232,P38-L,legacy
DEPO-00232,P38,legacy
DEPO-00232,Espejo CHANCHO,legacy
DEPO-00233,Espejo TOYOTA LEVIN 95,legacy
DEPO-00233,561327,legacy
DEPO-00233,561327-L,legacy
DEPO-00234,8102-L,legacy
DEPO-00234,8102,legacy
DEPO-00234,Espejo CEDRICK Y31/Y30 87/89,legacy
DEPO-00235,8102-R,legacy
DEPO-00235,8102,legacy
DEPO-00235,Espejo CEDRICK Y31/Y30 87/89,legacy
DEPO-00236,0455-L,legacy
DEPO-00236,0455,legacy
DEPO-00236,Espejo NISSAN B15 PLOMO PATA LARGA,legacy
DEPO-00237,0455,legacy
DEPO-00237,0455-R,legacy
DEPO-00237,Espejo NISSAN B15 PLOMO PATA LARGA,legacy
DEPO-00238,4439-L,legacy
DEPO-00238,Espejo NISSAN LARGO 97,legacy
DEPO-00238,4439,legacy
DEPO-00239,4439-R,legacy
DEPO-00239,Espejo NISSAN LARGO 97,legacy
DEPO-00239,4439,legacy
DEPO-00240,1739-R,legacy
DEPO-00240,Espejo TOYOTA EP71,legacy
DEPO-00240,1739,legacy
DEPO-00241,5589-R,legacy
DEPO-00241,Espejo TOYOTA LITE ACE CR40 97/2000,legacy
DEPO-00241,5589,legacy
DEPO-00242,3369,legacy
DEPO-00242,Espejo TOYOTA LOBO YT7013 ELECTRICO,legacy
DEPO-00242,3369-L,legacy
DEPO-00243,3369-R,legacy
DEPO-00243,Espejo TOYOTA LOBO YT7013 ELECTRICO,legacy
DEPO-00243,3369,legacy
DEPO-00244,542833,legacy
DEPO-00244,542833-R,legacy
DEPO-00244,Espejo TOYOTA SUPER CRAWN,legacy
DEPO-00245,542834,legacy
DEPO-00245,Espejo TOYOTA SUPER CRAWN,legacy
DEPO-00245,542834-L,legacy
DEPO-00246,860011,legacy
DEPO-00246,Estabilizador DE IPSUM L,legacy
DEPO-00247,Estabilizador DE IPSUM R,legacy
DEPO-00247,860012,legacy
DEPO-00248,860010,legacy
DEPO-00248,Estabilizador DELANTERO DE COROOLA,legacy
DEPO-00249,Estabilizador HILUX VIGO R,legacy
DEPO-00249,860119,legacy
DEPO-00250,860127,legacy
DEPO-00250,Estabilizador HILUX VIGO TRASERO L,legacy
DEPO-00251,860100,legacy
DEPO-00251,Estabilizador RAV4 97-2004,legacy
DEPO-00252,Estabilizador XTRAIL UNIVERSAL,legacy
DEPO-00252,860018,legacy
DEPO-00253,Estuche de HERRAMIENTA SUBARU,legacy
DEPO-00253,EH-SUBARU,legacy
DEPO-00254,Estuche de HERRAMIENTA TOYOTA,legacy
DEPO-00254,EH-TOYOTA,legacy
DEPO-00255,SCOOTER-MO,legacy
DEPO-00255,Estuche MOCHILA SCOOTER,legacy
DEPO-00256,12-148-L,legacy
DEPO-00256,12-148,legacy
DEPO-00256,Bisel Y Media luz 212-1203 F-KE 1972,legacy
DEPO-00257,10-32247-L,legacy
DEPO-00257,Farol -SUZUKI CULTUS 218-1106,legacy
DEPO-00257,10-32247,legacy
DEPO-00258,F-AE86-L,legacy
DEPO-00258,Farol AE86,legacy
DEPO-00258,F-AE86,legacy
DEPO-00259,214-1199,legacy
DEPO-00259,Farol ASX Mod. 2011~2012~2013~2014,legacy
DEPO-00259,214-1199-L,legacy
DEPO-00260,214-1199,legacy
DEPO-00260,Farol ASX Mod. 2011~2012~2013~2014,legacy
DEPO-00260,214-1199-R,legacy
DEPO-00261,Farol CHARIOT GRANDIS,legacy
DEPO-00261,100-87262-L,legacy
DEPO-00261,100-87262,legacy
DEPO-00262,Farol CHARIOT GRANDIS,legacy
DEPO-00262,100-87262,legacy
DEPO-00262,100-87262-R,legacy
DEPO-00263,16-45-L,legacy
DEPO-00263,16-45,legacy
DEPO-00263,Farol COROLLA 90 CON Guiñador,legacy
DEPO-00264,16-45-R,legacy
DEPO-00264,16-45,legacy
DEPO-00264,Farol COROLLA 90 CON Guiñador,legacy
DEPO-00265,20-90-R,legacy
DEPO-00265,Farol CUADRADO UNIVERSAL CON SOPORTE,legacy
DEPO-00265,20-90,legacy
DEPO-00266,Farol CUADRADO UNIVERSAL CON SOPORTE,legacy
DEPO-00266,24522,legacy
DEPO-00266,24522-R,legacy
DEPO-00267,110-37615-L,legacy
DEPO-00267,Farol DELICA MITSUBISHI,legacy
DEPO-00267,110-37615,legacy
DEPO-00268,110-37615,legacy
DEPO-00268,Farol DELICA MITSUBISHI,legacy
DEPO-00268,110-37615-R,legacy
DEPO-00269,Farol Fiat UNO Mod.2010~2011~2012~2013~2014~2015~2016~ NEGRO,legacy
DEPO-00269,661-1165,legacy
DEPO-00269,661-1165-L,legacy
DEPO-00270,Farol Fiat UNO Mod.2010~2011~2012~2013~2014~2015~2016~ NEGRO,legacy
DEPO-00270,661-1165-R,legacy
DEPO-00270,661-1165,legacy
DEPO-00271,K30-1162,legacy
DEPO-00271,Farol FORD MUSTANG SHELBY GT500 Mod.2014~2015~2016~2017~,legacy
DEPO-00271,K30-1162-L,legacy
DEPO-00272,K30-1162-R,legacy
DEPO-00272,Farol FORD MUSTANG SHELBY GT500 Mod.2014~2015~2016~2017~,legacy
DEPO-00272,K30-1162,legacy
DEPO-00273,1550,legacy
DEPO-00273,Farol FORESTER 97,legacy
DEPO-00273,1550-L,legacy
DEPO-00274,100-59079-L,legacy
DEPO-00274,Farol GRAN VITARA 218-1135,legacy
DEPO-00274,100-59079,legacy
DEPO-00275,100-59079,legacy
DEPO-00275,Farol GRAN VITARA 218-1135,legacy
DEPO-00275,100-59079-R,legacy
DEPO-00276,317-1180,legacy
DEPO-00276,Farol HONDA CIVIC Mod. 2016~2017~2018 HATCHBACK COUPE SEDAN,legacy
DEPO-00276,317-1180-L,legacy
DEPO-00277,217-1111 PXA-L,legacy
DEPO-00277,217-1111 PXA,legacy
DEPO-00277,Farol HONDA CIVIC Mod.92 3D-4D K600 BALLADE,legacy
DEPO-00278,217-1111 PXA-R,legacy
DEPO-00278,217-1111 PXA,legacy
DEPO-00278,Farol HONDA CIVIC Mod.92 3D-4D K600 BALLADE,legacy
DEPO-00279,001-6557-R,legacy
DEPO-00279,001-6557,legacy
DEPO-00279,Farol HONDA EF,legacy
DEPO-00280,Farol HYUNDAI ACCENT SOLARIS Mod. 2011~2012~2014,legacy
DEPO-00280,221-1160-2L,legacy
DEPO-00281,221-1185-L,legacy
DEPO-00281,221-1185,legacy
DEPO-00281,Farol HYUNDAI i10 GRAND i10 Mod. 2013~2014~2015~2016,legacy
DEPO-00282,221-1185-R,legacy
DEPO-00282,221-1185,legacy
DEPO-00282,Farol HYUNDAI i10 GRAND i10 Mod. 2013~2014~2015~2016,legacy
DEPO-00283,Farol i10 GRAND i10 Mod. 2011~2012,legacy
DEPO-00283,221-1159,legacy
DEPO-00283,221-1159-L,legacy
DEPO-00284,Farol i10 GRAND i10 Mod. 2011~2012,legacy
DEPO-00284,221-1159,legacy
DEPO-00284,221-1159-R,legacy
DEPO-00285,333-1172-L,legacy
DEPO-00285,333-1172,legacy
DEPO-00285,Farol JEEP GRAN CHEROKEE Mod. 2005~2006~2007,legacy
DEPO-00286,333-1172,legacy
DEPO-00286,333-1172-R,legacy
DEPO-00286,Farol JEEP GRAN CHEROKEE Mod. 2005~2006~2007,legacy
DEPO-00287,Farol KIA SPORTAGE Mod.97~98~99~2000~2001~2002,legacy
DEPO-00287,323-1105-L,legacy
DEPO-00287,323-1105,legacy
DEPO-00288,323-1105,legacy
DEPO-00288,Farol KIA SPORTAGE Mod.97~98~99~2000~2001~2002,legacy
DEPO-00288,323-1105-R,legacy
DEPO-00289,323-1501-L,legacy
DEPO-00289,Farol KIA SPORTAGE Mod.97~98~99~2000~2001~2002,legacy
DEPO-00289,323-1501,legacy
DEPO-00290,323-1501-R,legacy
DEPO-00290,Farol KIA SPORTAGE Mod.97~98~99~2000~2001~2002,legacy
DEPO-00290,323-1501,legacy
DEPO-00291,214-1163-L,legacy
DEPO-00291,214-1163,legacy
DEPO-00291,Farol LANCER Mod. 2000~2001~2002,legacy
DEPO-00292,214-1163,legacy
DEPO-00292,214-1163-R,legacy
DEPO-00292,Farol LANCER Mod. 2000~2001~2002,legacy
DEPO-00293,Farol LANCER Negro Mod. 98~99~2000~2001 CK5,legacy
DEPO-00293,214-1148-L,legacy
DEPO-00293,214-1148,legacy
DEPO-00294,Farol LANCER Negro Mod. 98~99~2000~2001 CK5,legacy
DEPO-00294,214-1148-R,legacy
DEPO-00294,214-1148,legacy
DEPO-00295,12-296-L,legacy
DEPO-00295,Farol LEVIN 90,legacy
DEPO-00295,12-296,legacy
DEPO-00296,Farol MAZDA PICK UP BT-50 Mod.2015~2016~2017,legacy
DEPO-00296,216-1175,legacy
DEPO-00296,216-1175-L,legacy
DEPO-00297,Farol MAZDA PICK UP BT-50 Mod.2015~2016~2017,legacy
DEPO-00297,216-1175,legacy
DEPO-00297,216-1175-R,legacy
DEPO-00298,314-1126,legacy
DEPO-00298,Farol Mitsubishi ECLIPSE Mod. 2000~2001~2002,legacy
DEPO-00298,314-1126-L,legacy
DEPO-00299,314-1126,legacy
DEPO-00299,Farol Mitsubishi ECLIPSE Mod. 2000~2001~2002,legacy
DEPO-00299,314-1126-R,legacy
DEPO-00300,7524,legacy
DEPO-00300,7524-R,legacy
DEPO-00300,Farol MITSUBISHI GALANT,legacy
DEPO-00301,214-1159,legacy
DEPO-00301,214-1159-L,legacy
DEPO-00301,Farol MONTERO TIBURON 2000~2001~2002~2003~2004~2005~2006,legacy
DEPO-00302,214-1159,legacy
DEPO-00302,214-1159-R,legacy
DEPO-00302,Farol MONTERO TIBURON 2000~2001~2002~2003~2004~2005~2006,legacy
DEPO-00303,1299-R,legacy
DEPO-00303,1299,legacy
DEPO-00303,Farol NISSAN B13 215-1134 vidrio,legacy
DEPO-00304,1478,legacy
DEPO-00304,1478-L,legacy
DEPO-00304,Farol NISSAN B13 215-1154 Plastico,legacy
DEPO-00305,1478,legacy
DEPO-00305,Farol NISSAN B13 215-1154 Plastico,legacy
DEPO-00305,1478-R,legacy
DEPO-00306,Farol NISSSAN CUSTUM,legacy
DEPO-00306,1439,legacy
DEPO-00306,1439-L,legacy
DEPO-00307,Farol NISSSAN CUSTUM,legacy
DEPO-00307,1439-R,legacy
DEPO-00307,1439,legacy
DEPO-00308,Farol Renault DUSTER Mod.2013~2014~2015~2016~,legacy
DEPO-00308,553-1101-LDEM2-L,legacy
DEPO-00308,553-1101-LDEM2,legacy
DEPO-00309,Farol Renault DUSTER Mod.2013~2014~2015~2016~,legacy
DEPO-00309,553-1101-LDEM2-R,legacy
DEPO-00309,553-1101-LDEM2,legacy
DEPO-00310,Farol Renault KWID Mod.2017~2018~2019~2020,legacy
DEPO-00310,551-11AK E2,legacy
DEPO-00310,551-11AK E2-L,legacy
DEPO-00311,Farol Renault KWID Mod.2017~2018~2019~2020,legacy
DEPO-00311,551-11AK E2,legacy
DEPO-00311,551-11AK E2-R,legacy
DEPO-00312,10-66-L,legacy
DEPO-00312,Farol SRALET EP82,legacy
DEPO-00312,10-66,legacy
DEPO-00313,Farol SRALET EP82 GT 212-1152,legacy
DEPO-00313,10-58-L,legacy
DEPO-00313,10-58,legacy
DEPO-00314,10-66-R,legacy
DEPO-00314,Farol STARLET EP82,legacy
DEPO-00314,10-66,legacy
DEPO-00315,10-58-R,legacy
DEPO-00315,Farol STARLET EP82 GT 212-1152,legacy
DEPO-00315,10-58,legacy
DEPO-00316,2068,legacy
DEPO-00316,Farol SUBARU DOMINGO,legacy
DEPO-00316,2068-L,legacy
DEPO-00317,2068,legacy
DEPO-00317,Farol SUBARU DOMINGO,legacy
DEPO-00317,2068-R,legacy
DEPO-00318,1540-L,legacy
DEPO-00318,1540,legacy
DEPO-00318,Farol SUBARU IMPREZA,legacy
DEPO-00319,220-1105-L,legacy
DEPO-00319,220-1105,legacy
DEPO-00319,Farol SUBARU IMPREZA 4D~5D Mod. 97~99,legacy
DEPO-00320,220-1105,legacy
DEPO-00320,Farol SUBARU IMPREZA 4D~5D Mod. 97~99,legacy
DEPO-00320,220-1105-R,legacy
DEPO-00321,Farol SUCCED,legacy
DEPO-00321,52-016-L,legacy
DEPO-00321,52-016,legacy
DEPO-00322,52-016-R,legacy
DEPO-00322,Farol SUCCED,legacy
DEPO-00322,52-016,legacy
DEPO-00323,100-1120-L,legacy
DEPO-00323,100-1120,legacy
DEPO-00323,Farol suelto universal p/foco cambiable H4 (tipo wagner) 2000,legacy
DEPO-00324,100-1120-R,legacy
DEPO-00324,100-1120,legacy
DEPO-00324,Farol suelto universal p/foco cambiable H4 (tipo wagner) 2000,legacy
DEPO-00325,100-1124-L/R,legacy
DEPO-00325,Farol suelto UNIVERSAL p/foco cambiable REDONDO CRISTAL 2000,legacy
DEPO-00326,Farol Suzuqui GRAND VITARA XL7 Mod.2005~2006~2007~2008,legacy
DEPO-00326,218-1136-L,legacy
DEPO-00326,218-1136,legacy
DEPO-00327,218-1136,legacy
DEPO-00327,Farol Suzuqui GRAND VITARA XL7 Mod.2005~2006~2007~2008,legacy
DEPO-00327,218-1136-R,legacy
DEPO-00328,Farol Suzuqui SWIFT Mod.2017~2018~2019~2020 ECE.ELEC,legacy
DEPO-00328,218-1170,legacy
DEPO-00328,218-1170-L,legacy
DEPO-00329,218-1170,legacy
DEPO-00329,Farol Suzuqui SWIFT Mod.2017~2018~2019~2020 ECE.ELEC,legacy
DEPO-00329,218-1170-R,legacy
DEPO-00330,05-31-L,legacy
DEPO-00330,Farol TOYOTA CALDINA GT,legacy
DEPO-00330,05-31,legacy
DEPO-00331,Farol TOYOTA CALDINA GT,legacy
DEPO-00331,05-31-R,legacy
DEPO-00331,05-31,legacy
DEPO-00332,12-428-L,legacy
DEPO-00332,12-428,legacy
DEPO-00332,Farol TOYOTA CARIB 96,legacy
DEPO-00333,12-428-R,legacy
DEPO-00333,12-428,legacy
DEPO-00333,Farol TOYOTA CARIB 96,legacy
DEPO-00334,20-145,legacy
DEPO-00334,20-145-L,legacy
DEPO-00334,Farol TOYOTA CORONA 212-1105,legacy
DEPO-00335,20-260-R,legacy
DEPO-00335,Farol TOYOTA CORONA 212-1138,legacy
DEPO-00335,20-260,legacy
DEPO-00336,1210,legacy
DEPO-00336,1210-R,legacy
DEPO-00336,Farol TOYOTA CORONA VERIFICAR BLUE BIRD 215-1145,legacy
DEPO-00337,Farol TOYOTA CUSTOM,legacy
DEPO-00337,26-13,legacy
DEPO-00337,26-13-L,legacy
DEPO-00338,26-32-L,legacy
DEPO-00338,Farol TOYOTA CUSTOM CON Guiñador,legacy
DEPO-00338,26-32,legacy
DEPO-00339,Farol TOYOTA CUSTOM CON Guiñador,legacy
DEPO-00339,26-32-R,legacy
DEPO-00339,26-32,legacy
DEPO-00340,26-13-R,legacy
DEPO-00340,26-13,legacy
DEPO-00340,Farol TOYOTA CUSTOM CUADRADO,legacy
DEPO-00341,32-22-R,legacy
DEPO-00341,Farol TOYOTA DESCONOCIDO,legacy
DEPO-00341,32-22,legacy
DEPO-00342,Farol TOYOTA FX,legacy
DEPO-00342,12-322,legacy
DEPO-00342,12-322-R,legacy
DEPO-00343,25-72-R,legacy
DEPO-00343,Farol TOYOTA REDONDO CON SOPORTE,legacy
DEPO-00343,25-72,legacy
DEPO-00344,12-342-L,legacy
DEPO-00344,Farol TRUENO 97,legacy
DEPO-00344,12-342,legacy
DEPO-00345,Farol TRUENO 97,legacy
DEPO-00345,12-342-R,legacy
DEPO-00345,12-342,legacy
DEPO-00346,Farol Volkswagen GOLF IV Mod.1998~1999~2000~2001~2002,legacy
DEPO-00346,441-1130-L,legacy
DEPO-00346,441-1130,legacy
DEPO-00347,Farol Volkswagen GOLF IV Mod.1998~1999~2000~2001~2002,legacy
DEPO-00347,441-1130,legacy
DEPO-00347,441-1130-R,legacy
DEPO-00348,Filtro,legacy
DEPO-00348,C-3024075,legacy
DEPO-00349,C-3024017,legacy
DEPO-00349,Filtro de AIRE 1RZ HIACE LOBO 17801-54140-C (+CHINOS),legacy
DEPO-00350,Filtro de AIRE 1RZ HIACE LOBO REGIUS COMMUTER KING LONG (+CHINOS),legacy
DEPO-00350,C-3024084,legacy
DEPO-00351,C-3024001,legacy
DEPO-00351,Filtro de AIRE 4A 4AG/AE100 5A COROLLA SPACIO LEVIN SPRINTER CARIB,legacy
DEPO-00352,Filtro de AIRE COROLLA Mod. 92 ~ 2002,legacy
DEPO-00352,C-3024005,legacy
DEPO-00353,Filtro de aire NISSAN URBAN E24 CARAVAN C/P/aspa,legacy
DEPO-00353,C-3024013,legacy
DEPO-00354,C-3024004,legacy
DEPO-00354,Filtro de AIRE NOAH TOWNACE TACOMA PREVIA PICKUP 4RUNNER LITEACE HILUX,legacy
DEPO-00355,Filtro de AIRE SUZUQUI 13780-79210 EMP-265,legacy
DEPO-00355,122472,legacy
DEPO-00356,C-3024064,legacy
DEPO-00356,Filtro TOYOTA HILUX VIGO 2KDFTV,legacy
DEPO-00357,CH-216010,legacy
DEPO-00357,Foco Alogeno H4 de Farol SUPER WHITE AZULADO,legacy
DEPO-00358,Foco CUÑA moderno de 1 contacto 12V 21W Un filamento,legacy
DEPO-00358,CH-216028,legacy
DEPO-00359,CH-216029,legacy
DEPO-00359,Foco CUÑA moderno de 2 contactos 12V 21/5W. #7443 T-20 Dos filamentos,legacy
DEPO-00360,Foco de DOBLE Contacto 12V 21/5W FP5412 Dos filamentos Universal P/Stop,legacy
DEPO-00360,CH-216036,legacy
DEPO-00361,Frontal NISSAN AD 2004,legacy
DEPO-00361,FRONT-AD,legacy
DEPO-00362,FRONT-IGNIS,legacy
DEPO-00362,Frontal SUZUKI SWIFT IMCOMPLETO IGNIS,legacy
DEPO-00363,Frontal TOYOTA CALDINA GT,legacy
DEPO-00363,FRONT-CALDINAGT,legacy
DEPO-00364,Frontal TOYOTA NOHA BOXY,legacy
DEPO-00364,FRONT-BOXY,legacy
DEPO-00365,Grasa PEQUEÑA,legacy
DEPO-00365,SUPERKOTTE-G,legacy
DEPO-00366,GF-E24-L,legacy
DEPO-00366,Guardafango CHANCHO,legacy
DEPO-00366,GF-E24,legacy
DEPO-00367,GF-E24-R,legacy
DEPO-00367,Guardafango CHANCHO,legacy
DEPO-00367,GF-E24,legacy
DEPO-00368,Guardafango DE VITARA CON BUCHERA,legacy
DEPO-00368,GF-VITARA-L,legacy
DEPO-00368,GF-VITARA,legacy
DEPO-00369,Guardafango DE VITARA CON BUCHERA,legacy
DEPO-00369,GF-VITARA,legacy
DEPO-00369,GF-VITARA-R,legacy
DEPO-00370,Guinador COROLLA 90 212-1524,legacy
DEPO-00370,12-285-L,legacy
DEPO-00370,12-285,legacy
DEPO-00371,1688,legacy
DEPO-00371,1688-R,legacy
DEPO-00371,Guinador FX ANTIGUO COROLLA 2,legacy
DEPO-00372,Guinador PAJERO MONTERO 214-1531,legacy
DEPO-00372,210-37746,legacy
DEPO-00372,210-37746-R,legacy
DEPO-00373,218-1602-L,legacy
DEPO-00373,Guinador de Parachoque Suzuki Samurai,legacy
DEPO-00373,218-1602,legacy
DEPO-00374,Guinador de Parachoque Suzuki Samurai,legacy
DEPO-00374,218-1602-R,legacy
DEPO-00374,218-1602,legacy
DEPO-00375,210-37779,legacy
DEPO-00375,210-37779-L,legacy
DEPO-00375,Guiñador ECLIPSE,legacy
DEPO-00376,3313-R,legacy
DEPO-00376,Guiñador AD 215-1561,legacy
DEPO-00376,3313,legacy
DEPO-00377,05-32,legacy
DEPO-00377,Guiñador CALDIN GT,legacy
DEPO-00377,05-32-L,legacy
DEPO-00378,05-32,legacy
DEPO-00378,Guiñador CALDINA GT,legacy
DEPO-00378,05-32-R,legacy
DEPO-00379,20-317-R,legacy
DEPO-00379,Guiñador CARINA AE 91,legacy
DEPO-00379,20-317,legacy
DEPO-00380,Guiñador CARINA CRISTALIZADO,legacy
DEPO-00380,20-383,legacy
DEPO-00380,20-383-L,legacy
DEPO-00381,Guiñador CARINA CRISTALIZADO,legacy
DEPO-00381,20-383,legacy
DEPO-00381,20-383-R,legacy
DEPO-00382,Guiñador CARINA PUNTA REDONDA,legacy
DEPO-00382,20-262,legacy
DEPO-00382,20-262-R,legacy
DEPO-00383,20-197-L,legacy
DEPO-00383,Guiñador CARINA PUNTA REDONDA 212-1543,legacy
DEPO-00383,20-197,legacy
DEPO-00384,20-197,legacy
DEPO-00384,Guiñador CARINA PUNTA REDONDA 212-1543,legacy
DEPO-00384,20-197-R,legacy
DEPO-00385,20-262-L,legacy
DEPO-00385,20-262,legacy
DEPO-00385,Guiñador CARINA PUNTA REDONDA 212-1557,legacy
DEPO-00386,Guiñador CERES,legacy
DEPO-00386,12-372,legacy
DEPO-00386,12-372-L,legacy
DEPO-00387,Guiñador CERES,legacy
DEPO-00387,12-372,legacy
DEPO-00387,12-372-R,legacy
DEPO-00388,120-87194,legacy
DEPO-00388,120-87194-L,legacy
DEPO-00388,Guiñador CHALLENGER,legacy
DEPO-00389,120-87194,legacy
DEPO-00389,120-87194-R,legacy
DEPO-00389,Guiñador CHALLENGER,legacy
DEPO-00390,Guiñador COROLLA 2,legacy
DEPO-00390,16-96-L,legacy
DEPO-00390,16-96,legacy
DEPO-00391,Guiñador COROLLA 2,legacy
DEPO-00391,16-96-R,legacy
DEPO-00391,16-96,legacy
DEPO-00392,12-197-L,legacy
DEPO-00392,Guiñador COROLLA 84 212-1611,legacy
DEPO-00392,12-197,legacy
DEPO-00393,Guiñador COROLLA 84 212-1611,legacy
DEPO-00393,12-197,legacy
DEPO-00393,12-197-R,legacy
DEPO-00394,Guiñador COROLLA SAPITO 212-1592,legacy
DEPO-00394,12-412-R,legacy
DEPO-00394,12-412,legacy
DEPO-00395,1469-R,legacy
DEPO-00395,1469,legacy
DEPO-00395,Guiñador CORONA 212-1605,legacy
DEPO-00396,Guiñador CUSTOM BLANCO 215-1575,legacy
DEPO-00396,120-24580,legacy
DEPO-00396,120-24580-L,legacy
DEPO-00397,Guiñador CUSTOM BLANCO 215-1575,legacy
DEPO-00397,120-24580,legacy
DEPO-00397,120-24580-R,legacy
DEPO-00398,20-306,legacy
DEPO-00398,20-306-L,legacy
DEPO-00398,Guiñador DE CALDINA NARANJA,legacy
DEPO-00399,3336-L,legacy
DEPO-00399,3336,legacy
DEPO-00399,Guiñador DE IMPREZA JAPONES,legacy
DEPO-00400,312-1634PXA,legacy
DEPO-00400,312-1634PXA-L,legacy
DEPO-00400,Guiñador de Parachoque CELICA 90/93 TUNNIG,legacy
DEPO-00401,312-1634PXA,legacy
DEPO-00401,312-1634PXA-R,legacy
DEPO-00401,Guiñador de Parachoque CELICA 90/93 TUNNIG,legacy
DEPO-00402,26-33,legacy
DEPO-00402,Guiñador DE Parachoque DE HICE 212-1664,legacy
DEPO-00402,26-33-L,legacy
DEPO-00403,26-33,legacy
DEPO-00403,Guiñador DE Parachoque DE HICE 212-1664,legacy
DEPO-00403,26-33-R,legacy
DEPO-00404,3353-L,legacy
DEPO-00404,3353,legacy
DEPO-00404,Guiñador DE Parachoque DOMINGO,legacy
DEPO-00405,3353,legacy
DEPO-00405,Guiñador DE Parachoque DOMINGO,legacy
DEPO-00405,3353-R,legacy
DEPO-00406,Guiñador de Parachoque HONDA CIVIC CRX M.90~91 SMOKE TUNNIG Par,legacy
DEPO-00406,317-1612-PTB-VS,legacy
DEPO-00407,Guiñador de Parachoque HONDA CIVIC Mod.88~91,legacy
DEPO-00407,317-1603-L,legacy
DEPO-00407,317-1603,legacy
DEPO-00408,Guiñador de Parachoque HONDA CIVIC Mod.88~91,legacy
DEPO-00408,317-1603,legacy
DEPO-00408,317-1603-R,legacy
DEPO-00409,Guiñador DE Parachoque JUNIOR,legacy
DEPO-00409,3382,legacy
DEPO-00409,3382-L,legacy
DEPO-00410,3382-R,legacy
DEPO-00410,Guiñador DE Parachoque JUNIOR,legacy
DEPO-00410,3382,legacy
DEPO-00411,217-1608-R,legacy
DEPO-00411,217-1608,legacy
DEPO-00411,Guiñador de Parachoque ONDA CIVIC 88/90 3D NARANJA,legacy
DEPO-00412,218-1135-R,legacy
DEPO-00412,218-1135,legacy
DEPO-00412,Guiñador de Parachoque ONDA CIVIC 88/90 3D NARANJA,legacy
DEPO-00413,220-1608 pxa-L,legacy
DEPO-00413,220-1608 pxa,legacy
DEPO-00413,Guiñador de Parachoque SUBARU IMPREZA Mod.99~2000,legacy
DEPO-00414,220-1608 pxa-R,legacy
DEPO-00414,220-1608 pxa,legacy
DEPO-00414,Guiñador de Parachoque SUBARU IMPREZA Mod.99~2000,legacy
DEPO-00415,016-8319,legacy
DEPO-00415,Guiñador DE Parachoque TRASERO CHARIOT,legacy
DEPO-00415,016-8319-R,legacy
DEPO-00416,Guiñador DE Parachoque TRASERO CHARIOT RVR,legacy
DEPO-00416,016-8319,legacy
DEPO-00416,016-8319-L,legacy
DEPO-00417,3568-C,legacy
DEPO-00417,3568-C-L,legacy
DEPO-00417,Guiñador DE SURF BLANCO,legacy
DEPO-00418,3568-C,legacy
DEPO-00418,3568-C-R,legacy
DEPO-00418,Guiñador DE SURF BLANCO,legacy
DEPO-00419,2165,legacy
DEPO-00419,Guiñador DOMINGO,legacy
DEPO-00419,2165-R,legacy
DEPO-00420,Guiñador EP 82 212-1586,legacy
DEPO-00420,10-76,legacy
DEPO-00420,10-76-L,legacy
DEPO-00421,Guiñador EP 82 212-15A0,legacy
DEPO-00421,10-76,legacy
DEPO-00421,10-76-R,legacy
DEPO-00422,10-64-L,legacy
DEPO-00422,10-64,legacy
DEPO-00422,Guiñador EP 82 212-1582,legacy
DEPO-00423,10-64,legacy
DEPO-00423,10-64-R,legacy
DEPO-00423,Guiñador EP 82 212-1582,legacy
DEPO-00424,10-67,legacy
DEPO-00424,Guiñador EP 82 212-1586,legacy
DEPO-00424,10-67-L,legacy
DEPO-00425,Guiñador EP 82 212-15A0,legacy
DEPO-00425,10-67-R,legacy
DEPO-00425,10-67,legacy
DEPO-00426,35-43,legacy
DEPO-00426,Guiñador HILUX 212-1539,legacy
DEPO-00426,35-43-L,legacy
DEPO-00427,35-43,legacy
DEPO-00427,Guiñador HILUX 212-1539,legacy
DEPO-00427,35-43-R,legacy
DEPO-00428,21-35-L,legacy
DEPO-00428,Guiñador LATERAL CALDINA GT,legacy
DEPO-00428,21-35,legacy
DEPO-00429,21-35-R,legacy
DEPO-00429,Guiñador LATERAL CALDINA GT,legacy
DEPO-00429,21-35,legacy
DEPO-00430,Guiñador LATERAL CARRY,legacy
DEPO-00430,36401-8500,legacy
DEPO-00430,36401-8500-L,legacy
DEPO-00431,36401-8500-R,legacy
DEPO-00431,Guiñador LATERAL CARRY,legacy
DEPO-00431,36401-8500,legacy
DEPO-00432,2155,legacy
DEPO-00432,Guiñador LATERAL FORESTER 97-2000,legacy
DEPO-00432,2155-L,legacy
DEPO-00433,2155,legacy
DEPO-00433,Guiñador LATERAL FORESTER 97-2000,legacy
DEPO-00433,2155-R,legacy
DEPO-00434,Guiñador lateral RAV 4 Mod. 97 ~ 2000 212-1409,legacy
DEPO-00434,3162-L,legacy
DEPO-00434,3162,legacy
DEPO-00435,Guiñador lateral RAV 4 Mod. 97 ~ 2000 212-1409,legacy
DEPO-00435,3162-R,legacy
DEPO-00435,3162,legacy
DEPO-00436,2175,legacy
DEPO-00436,Guiñador LATERAL SUBARU IMPREZA,legacy
DEPO-00436,2175-L,legacy
DEPO-00437,2175-R,legacy
DEPO-00437,2175,legacy
DEPO-00437,Guiñador LATERAL SUBARU IMPREZA,legacy
DEPO-00438,Guiñador LATERLA LANCER 92,legacy
DEPO-00438,1132-215,legacy
DEPO-00438,1132-215-L,legacy
DEPO-00439,Guiñador LATERLA LANCER 92,legacy
DEPO-00439,1132-215,legacy
DEPO-00439,1132-215-R,legacy
DEPO-00440,12-422-L,legacy
DEPO-00440,12-422,legacy
DEPO-00440,Guiñador LEVIN 96,legacy
DEPO-00441,12-422,legacy
DEPO-00441,Guiñador LEVIN 96,legacy
DEPO-00441,12-422-R,legacy
DEPO-00442,210-87233-L,legacy
DEPO-00442,Guiñador MONTERO,legacy
DEPO-00442,210-87233,legacy
DEPO-00443,210-87233-R,legacy
DEPO-00443,Guiñador MONTERO,legacy
DEPO-00443,210-87233,legacy
DEPO-00444,3337-L,legacy
DEPO-00444,3337,legacy
DEPO-00444,Guiñador NISSAN ATLAS 215-1571,legacy
DEPO-00445,3337-R,legacy
DEPO-00445,3337,legacy
DEPO-00445,Guiñador NISSAN ATLAS 215-1571,legacy
DEPO-00446,3226-L,legacy
DEPO-00446,Guiñador NISSAN CUSTOM 315-1616,legacy
DEPO-00446,3226,legacy
DEPO-00447,3226-R,legacy
DEPO-00447,Guiñador NISSAN CUSTOM 315-1616,legacy
DEPO-00447,3226,legacy
DEPO-00448,5183-L,legacy
DEPO-00448,5183,legacy
DEPO-00448,Guiñador NISSAN SUNNY B12 NARANJA,legacy
DEPO-00449,5183-R,legacy
DEPO-00449,5183,legacy
DEPO-00449,Guiñador NISSAN SUNNY B12 NARANJA,legacy
DEPO-00450,3311-L,legacy
DEPO-00450,3311,legacy
DEPO-00450,Guiñador NISSAN SUNNY B13 215-1542,legacy
DEPO-00451,3311-R,legacy
DEPO-00451,3311,legacy
DEPO-00451,Guiñador NISSAN SUNNY B13 215-1542,legacy
DEPO-00452,3339,legacy
DEPO-00452,Guiñador NISSAN SUNNY B13 215-1562,legacy
DEPO-00452,3339-L,legacy
DEPO-00453,3339-R,legacy
DEPO-00453,Guiñador NISSAN SUNNY B13 215-1562,legacy
DEPO-00453,3339,legacy
DEPO-00454,Guiñador PRIMERA,legacy
DEPO-00454,210-63317,legacy
DEPO-00454,210-63317-R,legacy
DEPO-00455,10-83-L,legacy
DEPO-00455,Guiñador REFLEX EP 91 212-15A1-C,legacy
DEPO-00455,10-83,legacy
DEPO-00456,10-83-R,legacy
DEPO-00456,Guiñador REFLEX EP 91 212-15A1-C,legacy
DEPO-00456,10-83,legacy
DEPO-00457,9206-L,legacy
DEPO-00457,9206,legacy
DEPO-00457,Guiñador SERENA,legacy
DEPO-00458,2165-L,legacy
DEPO-00458,Guiñador SUBARU DOMINGO,legacy
DEPO-00458,2165,legacy
DEPO-00459,220-1402-PXA-2,legacy
DEPO-00459,Guiñador Subaru FORESTER Mod. 98~2005 USA LED Negro. PAR,legacy
DEPO-00459,220-1402-PXA-2-L,legacy
DEPO-00460,220-1402-PXA-2,legacy
DEPO-00460,Guiñador Subaru FORESTER Mod. 98~2005 USA LED Negro. PAR,legacy
DEPO-00460,220-1402-PXA-2-R,legacy
DEPO-00461,3200,legacy
DEPO-00461,Guiñador SUNNY B11 BLANCO,legacy
DEPO-00461,3200-L,legacy
DEPO-00462,3200,legacy
DEPO-00462,Guiñador SUNNY B11 BLANCO,legacy
DEPO-00462,3200-R,legacy
DEPO-00463,35-52,legacy
DEPO-00463,35-52-L,legacy
DEPO-00463,Guiñador SURF AMARILLO 212-1573,legacy
DEPO-00464,3568-Y,legacy
DEPO-00464,3568-Y-L,legacy
DEPO-00464,Guiñador SURFNARANJA,legacy
DEPO-00465,3568-Y-R,legacy
DEPO-00465,3568-Y,legacy
DEPO-00465,Guiñador SURFNARANJA,legacy
DEPO-00466,Guiñador SUZUKI MARUTI 218-1503,legacy
DEPO-00466,5127,legacy
DEPO-00466,5127-L,legacy
DEPO-00467,Guiñador TONACE,legacy
DEPO-00467,28-37-R,legacy
DEPO-00467,28-37,legacy
DEPO-00468,26-34,legacy
DEPO-00468,Guiñador TOYOTA CUSTOM LARGO,legacy
DEPO-00468,26-34-L,legacy
DEPO-00469,12-291-R,legacy
DEPO-00469,12-291,legacy
DEPO-00469,Guiñador TOYOTA FX,legacy
DEPO-00470,28-74,legacy
DEPO-00470,Guinador LITEACE CUSTOM 212-1568-Y,legacy
DEPO-00470,28-74-L,legacy
DEPO-00471,12-324-L,legacy
DEPO-00471,Guinador COROLLA 90 212-1647,legacy
DEPO-00471,12-324,legacy
DEPO-00472,Guinador COROLLA 90 212-1647,legacy
DEPO-00472,12-324,legacy
DEPO-00472,12-324-R,legacy
DEPO-00473,Guinador CORON EN PUNTA,legacy
DEPO-00473,20-271,legacy
DEPO-00473,20-271-L,legacy
DEPO-00474,Guinador CORON EN PUNTA,legacy
DEPO-00474,20-271,legacy
DEPO-00474,20-271-R,legacy
DEPO-00475,GF-MONTERO90,legacy
DEPO-00475,Guardafango MONTERO 90,legacy
DEPO-00475,GF-MONTERO90-L,legacy
DEPO-00476,GF-MONTERO90-R,legacy
DEPO-00476,Guardafango MONTERO 90,legacy
DEPO-00476,GF-MONTERO90,legacy
DEPO-00477,JAL-M-VAR,legacy
DEPO-00477,Jalador DE MANO VARIOS,legacy
DEPO-00478,Jalador SUBARU DE Puerta DELANTERA,legacy
DEPO-00478,PPE-PA,legacy
DEPO-00479,850032,legacy
DEPO-00479,Junta 20*35*23 AE100,legacy
DEPO-00480,Junta IPSUM COROLLA Mod 87~95 24 X56X 26 C/ABS 133221,legacy
DEPO-00480,850027,legacy
DEPO-00481,123229,legacy
DEPO-00481,Junta PATHFINDER PICK UP 6 Cyl. Mod 89~97 28 X50X 27,legacy
DEPO-00482,SCOOTER-LL,legacy
DEPO-00482,Llanta SCOOTER VERDE,legacy
DEPO-00483,LP-VAR,legacy
DEPO-00483,Luz DE PLACA VARIOS NEGRO,legacy
DEPO-00484,13-19,legacy
DEPO-00484,Luz DE RETRO HILUX SURF 92,legacy
DEPO-00485,PH8A,legacy
DEPO-00485,Filtro de ACEITE 3/4 X 16 PH8-TH8A. C-3024087,legacy
DEPO-00486,Filtro de ACEITE PH-966B 3/4 X16 PH-201A. C-3024086,legacy
DEPO-00486,PH966,legacy
DEPO-00487,Maletera CALDINA GT,legacy
DEPO-00487,MA-CALDINAGT,legacy
DEPO-00488,Maletera CARIB 98,legacy
DEPO-00488,MA-CARIB98,legacy
DEPO-00489,Maletera COMPLETA EVOLUCION 6,legacy
DEPO-00489,MA-EVO6,legacy
DEPO-00490,Maletera MITSUBISHI CHARIOT GRANDIS,legacy
DEPO-00490,MA-CHARIOT,legacy
DEPO-00491,MA-IMPREZA,legacy
DEPO-00491,Maletera SUBARU WAGON IMPREZA,legacy
DEPO-00492,MA-CALDINA,legacy
DEPO-00492,Maletera TOYOTA CALDINA A MUELLE,legacy
DEPO-00493,Maletera Suzuki vitara A MUELLE,legacy
DEPO-00493,MA-VITARA,legacy
DEPO-00494,MA-IPSUM,legacy
DEPO-00494,Maletera TOYOTA IPSUM 96,legacy
DEPO-00495,MA-CHAN,legacy
DEPO-00495,Maletera NISSAN CARAVAN CHANCHO,legacy
DEPO-00496,MA-FORESTER2000,legacy
DEPO-00496,Maletera SUBARU FORESTER 2000,legacy
DEPO-00497,62310-70N00,legacy
DEPO-00497,Mascara A VENIR AD 96 VERIFICAR,legacy
DEPO-00498,53111-97503,legacy
DEPO-00498,Mascara ATRAIL Blanco,legacy
DEPO-00499,Mascara CARIB,legacy
DEPO-00499,53111-13120,legacy
DEPO-00500,Mascara CARINA 85 CROMADO,legacy
DEPO-00500,M-CARINA-C,legacy
DEPO-00501,M-CARINA-B,legacy
DEPO-00501,Mascara CARINA 85 NEGRO,legacy
DEPO-00502,Mascara CARINA 89,legacy
DEPO-00502,53101-20340,legacy
DEPO-00503,Mascara TOYOTA HIACE CUSTOM 92,legacy
DEPO-00503,53111-95J02,legacy
DEPO-00504,Mascara CARAVAN K20 CROMADO,legacy
DEPO-00504,62310-VE000,legacy
DEPO-00505,Mascara CUSTOM CROMADO GUIADOR LARGO,legacy
DEPO-00505,53111-95J25,legacy
DEPO-00506,Mascara CUSTUM CROMADO CON NEGRO 215-1575,legacy
DEPO-00506,62310-38N10,legacy
DEPO-00507,Mascara DS07050GA SUNNY B11,legacy
DEPO-00507,DS07050GA-U,legacy
DEPO-00508,Mascara GRAN VIA 98,legacy
DEPO-00508,55101-26020,legacy
DEPO-00509,53100-95J09,legacy
DEPO-00509,Mascara HIACE CUSTOM 89 212-1221 TY07081GA,legacy
DEPO-00510,Mascara HIACE Mod 85/89 minibus TY07081GA TONG YANG,legacy
DEPO-00510,TY07081GA,legacy
DEPO-00511,Mascara LEVIN AE 86,legacy
DEPO-00511,53114-12060,legacy
DEPO-00512,Mascara MARINO TOYOTA,legacy
DEPO-00512,53111-1A140,legacy
DEPO-00513,MB645720,legacy
DEPO-00513,Mascara MITSUBISHI MONTERO NEGRO,legacy
DEPO-00514,63320-K74151-L,legacy
DEPO-00514,Mascara NISSAN MARCH,legacy
DEPO-00514,63320-K74151,legacy
DEPO-00515,63330-K74151-R,legacy
DEPO-00515,Mascara NISSAN MARCH,legacy
DEPO-00515,63330-K74151,legacy
DEPO-00516,53111-88110,legacy
DEPO-00516,Mascara STOUT TY07023,legacy
DEPO-00517,72111-51010,legacy
DEPO-00517,Mascara SUZUKI SAMURAI,legacy
DEPO-00518,Mascara TOYOTA 212-1228 CE-96,legacy
DEPO-00518,53101-13011-TW,legacy
DEPO-00519,53101-20200,legacy
DEPO-00519,Mascara TOYOTA CARIN A,legacy
DEPO-00520,Mascara TOYOTA ESTARLET,legacy
DEPO-00520,10300-0310,legacy
DEPO-00521,Mascara TOYOTA HIACE 212-1196,legacy
DEPO-00521,TY-2001,legacy
DEPO-00522,Mascara URVAN E25 215-11A5,legacy
DEPO-00522,62310-VW100,legacy
DEPO-00523,Mascara URVAN TYG,legacy
DEPO-00523,DS07117GA,legacy
DEPO-00524,Mascara VARIOS,legacy
DEPO-00524,MASC-VAR,legacy
DEPO-00525,72111-77E00,legacy
DEPO-00525,Mascara VITARA VRS AMERICANA,legacy
DEPO-00526,Mascara VITZ,legacy
DEPO-00526,53101-52060,legacy
DEPO-00527,Mascara CUSTOM NISSAN CROMADO 215-1575,legacy
DEPO-00527,62310-38N00,legacy
DEPO-00528,Mascara DATSUN DOBLE Farol REDONDO,legacy
DEPO-00528,M-DATSUN,legacy
DEPO-00529,MB-CALDINA,legacy
DEPO-00529,Mataburro Caldina 98,legacy
DEPO-00530,Mataburro MONTERO 90,legacy
DEPO-00530,MB-MONTERO,legacy
DEPO-00531,PP-T10,legacy
DEPO-00531,Mataburro PLASTICO SURF,legacy
DEPO-00532,3320,legacy
DEPO-00532,Media luz BONGO NARANJA,legacy
DEPO-00532,3320-L,legacy
DEPO-00533,3320-R,legacy
DEPO-00533,Media luz BONGO NARANJA,legacy
DEPO-00533,3320,legacy
DEPO-00534,212-1611,legacy
DEPO-00534,Media luz c/Guiñador COROLLA Mod. 84~85~86,legacy
DEPO-00534,212-1611-L,legacy
DEPO-00535,212-1611-R,legacy
DEPO-00535,212-1611,legacy
DEPO-00535,Media luz c/Guiñador COROLLA Mod. 84~85~86,legacy
DEPO-00536,212-1561-K-L,legacy
DEPO-00536,Media luz COROLLA Mod.92~93~94~95,legacy
DEPO-00536,212-1561-K,legacy
DEPO-00537,Media luz COROLLA Mod.92~93~94~95,legacy
DEPO-00537,212-1561-K,legacy
DEPO-00537,212-1561-K-R,legacy
DEPO-00538,Media luz COROLLA Mod.92~99,legacy
DEPO-00538,212-15D8-K-L,legacy
DEPO-00538,212-15D8-K,legacy
DEPO-00539,212-15D8-K-R,legacy
DEPO-00539,Media luz COROLLA Mod.92~99,legacy
DEPO-00539,212-15D8-K,legacy
DEPO-00540,32-41,legacy
DEPO-00540,Media luz DESCONOCIDO,legacy
DEPO-00540,32-41-L,legacy
DEPO-00541,214-1515-C-R,legacy
DEPO-00541,214-1515-C,legacy
DEPO-00541,Media luz GALANT Mod.89~90~91~92~93 E33A,legacy
DEPO-00542,214-1515-CY,legacy
DEPO-00542,214-1515-CY-L,legacy
DEPO-00542,Media luz GALANT Mod.89~90~91~92~93 E33A,legacy
DEPO-00543,214-1515-CY-R,legacy
DEPO-00543,214-1515-CY,legacy
DEPO-00543,Media luz GALANT Mod.89~90~91~92~93 E33A,legacy
DEPO-00544,Media luz HIACE CUSTOM 96-2000,legacy
DEPO-00544,26-37,legacy
DEPO-00544,26-37-L,legacy
DEPO-00545,Media luz HIACE CUSTOM 96-2000,legacy
DEPO-00545,26-37-R,legacy
DEPO-00545,26-37,legacy
DEPO-00546,217-1519,legacy
DEPO-00546,Media luz HONDA ACCORD Mod.90~91,legacy
DEPO-00546,217-1519-L,legacy
DEPO-00547,045-3966,legacy
DEPO-00547,Media luz HONDA CIVIC 217-1520,legacy
DEPO-00547,045-3966-L,legacy
DEPO-00548,045-3966,legacy
DEPO-00548,045-3966-R,legacy
DEPO-00548,Media luz HONDA CIVIC 217-1520,legacy
DEPO-00549,Media luz HONDA CIVIC Mod.90 3D,legacy
DEPO-00549,217-1522-L,legacy
DEPO-00549,217-1522,legacy
DEPO-00550,217-1522-R,legacy
DEPO-00550,Media luz HONDA CIVIC Mod.90 3D,legacy
DEPO-00550,217-1522,legacy
DEPO-00551,317-1522,legacy
DEPO-00551,317-1522-L,legacy
DEPO-00551,Media luz HONDA PRELUDE Mod. 92 ~ 96,legacy
DEPO-00552,317-1522,legacy
DEPO-00552,Media luz HONDA PRELUDE Mod. 92 ~ 96,legacy
DEPO-00552,317-1522-R,legacy
DEPO-00553,214-1529-PXA-2-L,legacy
DEPO-00553,214-1529-PXA-2,legacy
DEPO-00553,Media luz LANCER Mod. 93~94~95~96 NEGRO,legacy
DEPO-00554,214-1529-PXA-2,legacy
DEPO-00554,Media luz LANCER Mod. 93~94~95~96 NEGRO,legacy
DEPO-00554,214-1529-PXA-2-R,legacy
DEPO-00555,Media luz MAZDA BONGO Mod.2000~2001~2002 VANETTE E2000 216-1555,legacy
DEPO-00555,P0371,legacy
DEPO-00555,P0371-L,legacy
DEPO-00556,Media luz MAZDA BONGO Mod.2000~2001~2002 VANETTE E2000 216-1555,legacy
DEPO-00556,P0371,legacy
DEPO-00556,P0371-R,legacy
DEPO-00557,Media luz MITSIBISHI VERIFICAR,legacy
DEPO-00557,18-1800,legacy
DEPO-00557,18-1800-R,legacy
DEPO-00558,5726,legacy
DEPO-00558,Media luz MITSIBISHI VERIFICAR,legacy
DEPO-00558,5726-L,legacy
DEPO-00559,215-1552,legacy
DEPO-00559,215-1552-L,legacy
DEPO-00559,Media luz Nissan BLUE BIRD Mod. 90-93(Auto),legacy
DEPO-00560,215-1552,legacy
DEPO-00560,215-1552-R,legacy
DEPO-00560,Media luz Nissan BLUE BIRD Mod. 90-93(Auto),legacy
DEPO-00561,Media luz PATHFINDER REGULOS,legacy
DEPO-00561,120-63437-L,legacy
DEPO-00561,120-63437,legacy
DEPO-00562,Media luz PATHFINDER REGULOS,legacy
DEPO-00562,120-63437-R,legacy
DEPO-00562,120-63437,legacy
DEPO-00563,3429-L,legacy
DEPO-00563,Media luz PRESEA VERIFICAR BLUE BIRD,legacy
DEPO-00563,3429,legacy
DEPO-00564,3429-R,legacy
DEPO-00564,Media luz PRESEA VERIFICAR BLUE BIRD,legacy
DEPO-00564,3429,legacy
DEPO-00565,212-63141,legacy
DEPO-00565,Media luz SUNNY B11,legacy
DEPO-00565,212-63141-L,legacy
DEPO-00566,212-32284-R,legacy
DEPO-00566,Media luz SUZUKI SWIF VERIFICAR,legacy
DEPO-00566,212-32284,legacy
DEPO-00567,28-77,legacy
DEPO-00567,28-77-R,legacy
DEPO-00567,Media luz TOWN ACE 78,legacy
DEPO-00568,28-77-L,legacy
DEPO-00568,28-77,legacy
DEPO-00568,Media luz TOWN ACE 78,legacy
DEPO-00569,312-1521-L,legacy
DEPO-00569,Media luz Toyota 4RUNNER Mod. 96,legacy
DEPO-00569,312-1521,legacy
DEPO-00570,312-1521-R,legacy
DEPO-00570,Media luz Toyota 4RUNNER Mod. 96,legacy
DEPO-00570,312-1521,legacy
DEPO-00571,Media luz Toyota HIACE Mod.84~89,legacy
DEPO-00571,212-1616-R,legacy
DEPO-00571,212-1616,legacy
DEPO-00572,212-1549,legacy
DEPO-00572,212-1549-R,legacy
DEPO-00572,Media luz Toyota HIACE Mod.90~02,legacy
DEPO-00573,28-79-L,legacy
DEPO-00573,Media luz TOYOTA LITE ACE 212-1516 MOD 82,legacy
DEPO-00573,28-79,legacy
DEPO-00574,Media luz TOYOTA LITE ACE 212-1516 MOD 82,legacy
DEPO-00574,28-79-R,legacy
DEPO-00574,28-79,legacy
DEPO-00575,28-112,legacy
DEPO-00575,Media luz Toyota NOAH Mod.96~97~98 212-15H2-K,legacy
DEPO-00575,28-112-R,legacy
DEPO-00576,Muñón de dirección / Terminal YOITOKI. SE-2651,legacy
DEPO-00576,860067,legacy
DEPO-00577,MD-VARIOS,legacy
DEPO-00577,Muñon DE DIRECCION VARIOS,legacy
DEPO-00578,Muñon de Estabilizador ilizador RUNNER YOITOKI Universal,legacy
DEPO-00578,860019,legacy
DEPO-00579,Muñon DE SUSPENCION VARIOS,legacy
DEPO-00579,MS-VARIOS,legacy
DEPO-00580,Muñon de suspensión NOAH ~ LITEACE Superior YOITOKI Sin grasera blindado,legacy
DEPO-00580,860057,legacy
DEPO-00581,Muñon de suspension VANETTE BONGO Superior 00-06,legacy
DEPO-00581,860062,legacy
DEPO-00582,Muñon DIRECCION 124848,legacy
DEPO-00582,860070,legacy
DEPO-00583,Muñon DIRECCION CALDINA R,legacy
DEPO-00583,860069,legacy
DEPO-00584,Muñon DIRECCION COROLLA 78,legacy
DEPO-00584,23521,legacy
DEPO-00585,Muñon DIRECCION HIACE CHINO ROSCA 15,legacy
DEPO-00585,860090,legacy
DEPO-00586,124848,legacy
DEPO-00586,Muñon DIRECCION HIACE CUADRADO /HILUX 89,legacy
DEPO-00587,ALICMD-002,legacy
DEPO-00587,Muñon DIRECCION HIACE ROSCA 15,legacy
DEPO-00588,860071,legacy
DEPO-00588,Muñon DIRECCION LOBO ROSCA 17,legacy
DEPO-00589,Muñon DIRECCION LUCIDA,legacy
DEPO-00589,860129,legacy
DEPO-00590,Muñon DIRECCION NISSAN LUCIDA,legacy
DEPO-00590,860128,legacy
DEPO-00591,Muñon DIRECCION PROBOX,legacy
DEPO-00591,860073,legacy
DEPO-00592,860142,legacy
DEPO-00592,Muñon DIRECCION SUZUKI SX4 SWIFT,legacy
DEPO-00593,Muñon Estabilizador largo NOAH SUZUKI,legacy
DEPO-00593,860027,legacy
DEPO-00594,Muñon Estabilizador PROBOX,legacy
DEPO-00594,860101,legacy
DEPO-00595,Muñon KEYTON,legacy
DEPO-00595,R-KEYTON,legacy
DEPO-00596,Muñon KING LONG,legacy
DEPO-00596,860143,legacy
DEPO-00597,860121,legacy
DEPO-00597,Muñon Muñon RUNNER,legacy
DEPO-00598,860144,legacy
DEPO-00598,Muñon SIRECCION KING LONG ROSCA 14,legacy
DEPO-00599,Muñon SUSPENCIO HIACE INFERIOR,legacy
DEPO-00599,860043,legacy
DEPO-00600,860060,legacy
DEPO-00600,Muñon SUSPENCION NISSAN CHANCHO,legacy
DEPO-00601,860048,legacy
DEPO-00601,Muñon SUSPENO DEL PROBOX,legacy
DEPO-00602,860039,legacy
DEPO-00602,Muñon SUSPENSIÓN CALDINA 97,legacy
DEPO-00603,860037,legacy
DEPO-00603,Muñon SUSPENSIÓN COROLLA 90 L,legacy
DEPO-00604,860036,legacy
DEPO-00604,Muñon SUSPENSIÓN COROLLA 90 R,legacy
DEPO-00605,860064,legacy
DEPO-00605,Muñon SUSPENSION HIACE CUADRADO,legacy
DEPO-00606,Muñon SUSPENSIÓN HIALUX 92 SUPERIOR MARCA BIG,legacy
DEPO-00606,43350-39125,legacy
DEPO-00607,Muñon SUSPENSIÓN INFERIOR NOAH LITE ACE,legacy
DEPO-00607,860047,legacy
DEPO-00608,43310-39016,legacy
DEPO-00608,Muñon SUSPENSIÓN LAND CRUISER,legacy
DEPO-00609,860041,legacy
DEPO-00609,Muñon SUSPENSIÓN MINIBUS URVAN 90 ABAJO,legacy
DEPO-00610,Muñon SUSPENSIÓN MINIUS NISSAN URVAN 90,legacy
DEPO-00610,860042,legacy
DEPO-00611,860046,legacy
DEPO-00611,Muñon SUSPENSIÓN RAV 4,legacy
DEPO-00612,43330-39245-INF,legacy
DEPO-00612,Muñon TOYOTA HILUX STOUT INFERIOR,legacy
DEPO-00613,Muñon TOYOTA HILUX STOUT SUPERIOR,legacy
DEPO-00613,43330-39245-SUP,legacy
DEPO-00614,860072,legacy
DEPO-00614,MuñonES SUSPENSIÓN PROBOX ISQUIERDO,legacy
DEPO-00615,8109-L,legacy
DEPO-00615,8109,legacy
DEPO-00615,RETROVISOR NISSAN SKYLINE R32,legacy
DEPO-00616,8109-R,legacy
DEPO-00616,8109,legacy
DEPO-00616,RETROVISOR NISSAN SKYLINE R32,legacy
DEPO-00617,Retrovisor Nissan Silvina 513,legacy
DEPO-00617,N26-L,legacy
DEPO-00617,N26,legacy
DEPO-00618,Parachoque CARINA VERIFICAR,legacy
DEPO-00618,223604,legacy
DEPO-00619,52119-1E500,legacy
DEPO-00619,Parachoque COROLLA 98 SALOM,legacy
DEPO-00620,Parachoque DEL GRAN VITARA 99 SZ04050BA,legacy
DEPO-00620,71711-85D30,legacy
DEPO-00621,Parachoque DEL HILUX 93 METALICO 212-1638,legacy
DEPO-00621,52103-89110,legacy
DEPO-00622,Parachoque DEL MITSUBISHI IO,legacy
DEPO-00622,PD-IO,legacy
DEPO-00623,6202238N00,legacy
DEPO-00623,Parachoque DEL NISSAN CUSTOM NA20 ( BLANCO / PLOMO),legacy
DEPO-00624,62022-0M001,legacy
DEPO-00624,Parachoque DEL NISSAN SUNNY B14 ( VERDE / BLANCO ),legacy
DEPO-00625,Parachoque DEL PAJERO JUNIOR,legacy
DEPO-00625,PD-JUNIOR,legacy
DEPO-00626,Parachoque DEL STARLET PLOMO CON Alogeno,legacy
DEPO-00626,PD-STARLET92,legacy
DEPO-00627,SZ04011BA,legacy
DEPO-00627,Parachoque DEL SUZUKI VITARA ESCUDO ( 3 PuertaS ) TYG,legacy
DEPO-00628,Parachoque DEL TOYOTA CALDINA GT / CON Alogeno,legacy
DEPO-00628,52119-21020,legacy
DEPO-00629,Parachoque DEL TOYOTA LEVIN 96,legacy
DEPO-00629,T10-TS0P,legacy
DEPO-00630,Parachoque DELANTERO CORSA,legacy
DEPO-00630,52119-16280,legacy
DEPO-00631,Parachoque SUBARU FORESTER DELANTERO,legacy
DEPO-00631,GG119-00010,legacy
DEPO-00632,PT-CALDINA,legacy
DEPO-00632,Parachoque TRAS CON SPOILER TOYOTA CALDINA GT,legacy
DEPO-00633,PT-STARLET92,legacy
DEPO-00633,Parachoque TRAS EP82 GT,legacy
DEPO-00634,PT-FORESTER,legacy
DEPO-00634,Parachoque TRAS FORESTER 97,legacy
DEPO-00635,Parachoque TRAS MAZDA BONGO,legacy
DEPO-00635,50221,legacy
DEPO-00636,Parachoque TRAS MITSUBISHI JUNIOR,legacy
DEPO-00636,PT-JUNIOR,legacy
DEPO-00637,Parachoque TRAS NISSAN CARAVAN K20 CHANCHO,legacy
DEPO-00637,PT-E25,legacy
DEPO-00638,Parachoque TRAS TOYOTA COROLLA 90 SEDAN,legacy
DEPO-00638,PT-AE91,legacy
DEPO-00639,PT-EVO6-F,legacy
DEPO-00639,Parachoque TRASERO EVO 6 FIBRA,legacy
DEPO-00640,PT-FORESTER2000,legacy
DEPO-00640,Parachoque TRASERO FORESTER 2000,legacy
DEPO-00641,Parachoque TRASERO SURF 96 3 PIEZAS,legacy
DEPO-00641,PT-SURF96,legacy
DEPO-00642,PD-SURF96,legacy
DEPO-00642,Parachoque DEL SURF HILUX METALICO 96 TY40165,legacy
DEPO-00643,PD-ESCUDO,legacy
DEPO-00643,Parachoque DEL SUZUKI VITARA ESCUDO FIBRA,legacy
DEPO-00644,C-3072014,legacy
DEPO-00644,Pastilla DE FRENO NAKHATAM SUABRU STI,legacy
DEPO-00645,Pastilla DE SUBARU FRENO,legacy
DEPO-00645,C-3072001,legacy
DEPO-00646,Perno barra estabilizador Turinng Mod. 97~98~99~ Largo TERRANO,legacy
DEPO-00646,860024,legacy
DEPO-00647,C-3024086,legacy
DEPO-00647,Filtro de ACEITE 15601-33020 -TH2825 - PH2825,legacy
DEPO-00648,PIS-VAR,legacy
DEPO-00648,PISADERA DE SUBARU FORESTER VARIOS,legacy
DEPO-00649,75831-20320,legacy
DEPO-00649,Porta placa CELICA 90-93,legacy
DEPO-00650,MR-275638,legacy
DEPO-00650,Porta placa CHARIOT GRANDIS,legacy
DEPO-00651,Porta placa DE Maletera SURF,legacy
DEPO-00651,76801-35030,legacy
DEPO-00652,FJC506,legacy
DEPO-00652,Prensa Subaru DOMINGO,legacy
DEPO-00653,PU-FORESTER-D-R,legacy
DEPO-00653,Puerta SUBARU FORESTER ( Delantero Derecho ),legacy
DEPO-00653,PU-FORESTER-D,legacy
DEPO-00654,PU-FORESTER-T,legacy
DEPO-00654,PU-FORESTER-T-L,legacy
DEPO-00654,Puerta SUBARU FORESTER ( Trasero Isquierdo ),legacy
DEPO-00655,PU-FORESTER-T,legacy
DEPO-00655,Puerta SUBARU FORESTER ( Trasero Derecho ),legacy
DEPO-00655,PU-FORESTER-T-R,legacy
DEPO-00656,PU-EVO6-D-L,legacy
DEPO-00656,PU-EVO6-D,legacy
DEPO-00656,Puerta MITSUBISHI LANCER EVOLUTION 6 ( Delantero Isquierdo ),legacy
DEPO-00657,PU-EVO6-D-R,legacy
DEPO-00657,PU-EVO6-D,legacy
DEPO-00657,Puerta MITSUBISHI LANCER EVOLUTION 6 ( Delantero Derecho ),legacy
DEPO-00658,PU-EVO6-T-L,legacy
DEPO-00658,Puerta MITSUBISHI LANCER EVOLUTION 6 ( Trasero Isquierdo ),legacy
DEPO-00658,PU-EVO6-T,legacy
DEPO-00659,PU-EVO6-T-R,legacy
DEPO-00659,Puerta MITSUBISHI LANCER EVOLUTION 6 ( Trasero Derecho ),legacy
DEPO-00659,PU-EVO6-T,legacy
DEPO-00660,PU-GVITARA-D,legacy
DEPO-00660,Puerta SUZUKU GRAN VITARA 99 JUEGO DE ( Delantero Isquierdo ),legacy
DEPO-00660,PU-GVITARA-D-L,legacy
DEPO-00661,PU-GVITARA-D-R,legacy
DEPO-00661,Puerta SUZUKU GRAN VITARA 99 JUEGO DE ( Delantero Derecho ),legacy
DEPO-00661,PU-GVITARA-D,legacy
DEPO-00662,PU-GVITARA-T-L,legacy
DEPO-00662,Puerta SUZUKU GRAN VITARA 99 JUEGO DE ( Trasero Isquierdo ),legacy
DEPO-00662,PU-GVITARA-T,legacy
DEPO-00663,Puerta SUZUKU GRAN VITARA 99 JUEGO DE ( Trasero Derecho ),legacy
DEPO-00663,PU-GVITARA-T-R,legacy
DEPO-00663,PU-GVITARA-T,legacy
DEPO-00664,PU-IPSUM-D-L,legacy
DEPO-00664,Puerta TOYOTA IPSUM ( Delantero Isquierdo ),legacy
DEPO-00664,PU-IPSUM-D,legacy
DEPO-00665,870005-G,legacy
DEPO-00665,Amortiguador TRASERO CALDINA 4X4 TURING ®,legacy
DEPO-00666,Amortiguador TRASERO CALDINA 4X4 TURING L{,legacy
DEPO-00666,870006-G,legacy
DEPO-00667,Radiador MITSUBISHI JUNIOR,legacy
DEPO-00667,RAD-JUNIOR,legacy
DEPO-00668,Radiador NISSAN URVAN 01-06 E25,legacy
DEPO-00668,21410-VW300,legacy
DEPO-00669,RAD-CALDINAGT,legacy
DEPO-00669,Radiador TOYOTA GT CALDINA,legacy
DEPO-00670,Guiñador JEEP RENEGADE Mod. 2015~2016~2017~2018~2019~2020~ F/SML,legacy
DEPO-00670,333-1425-R,legacy
DEPO-00670,333-1425,legacy
DEPO-00671,5646,legacy
DEPO-00671,Espejo COROLLA AE 100 6 PINES,legacy
DEPO-00671,5646-L,legacy
DEPO-00672,5646,legacy
DEPO-00672,5646-R,legacy
DEPO-00672,Espejo COROLLA AE 100 6 PINES,legacy
DEPO-00673,6207C3,legacy
DEPO-00673,RODAMIENTO Motor F12,legacy
DEPO-00674,RODAMIENTO SUBARU,legacy
DEPO-00674,PJ18,legacy
DEPO-00675,47-59-R,legacy
DEPO-00675,47-59,legacy
DEPO-00675,Stop BLUBIRT 96,legacy
DEPO-00676,20-199,legacy
DEPO-00676,20-199-L,legacy
DEPO-00676,Stop CORONA 90,legacy
DEPO-00677,20-199,legacy
DEPO-00677,20-199-R,legacy
DEPO-00677,Stop CORONA 90,legacy
DEPO-00678,20-179,legacy
DEPO-00678,Stop CORONA 90 2 COLORES,legacy
DEPO-00678,20-179-L,legacy
DEPO-00679,20-179-R,legacy
DEPO-00679,Stop CORONA 90 2 COLORES,legacy
DEPO-00679,20-179,legacy
DEPO-00680,20-139-L,legacy
DEPO-00680,20-139,legacy
DEPO-00680,Stop CORONA 90 3 COLORES,legacy
DEPO-00681,20-139-R,legacy
DEPO-00681,20-139,legacy
DEPO-00681,Stop CORONA 90 3 COLORES,legacy
DEPO-00682,Stop NISSAN PHATFINDER,legacy
DEPO-00682,220-63436-R,legacy
DEPO-00682,220-63436,legacy
DEPO-00683,SCOOTER,legacy
DEPO-00684,SCOOTER CASCO,legacy
DEPO-00684,SCOOTER-CA,legacy
DEPO-00685,E-VAR-L,legacy
DEPO-00685,E-VAR,legacy
DEPO-00685,Espejo VARIOS ( Isquierdo ),legacy
DEPO-00686,E-VAR-R,legacy
DEPO-00686,Espejo VARIOS ( Derecho ),legacy
DEPO-00686,E-VAR,legacy
DEPO-00687,Stop AD 2006 215-194305,legacy
DEPO-00687,220-24765-L,legacy
DEPO-00687,220-24765,legacy
DEPO-00688,4287-L,legacy
DEPO-00688,4287,legacy
DEPO-00688,Stop ATLAS 215-1915,legacy
DEPO-00689,4287,legacy
DEPO-00689,4287-R,legacy
DEPO-00689,Stop ATLAS 215-1915,legacy
DEPO-00690,Stop ATRAIL,legacy
DEPO-00690,220-51616-L,legacy
DEPO-00690,220-51616,legacy
DEPO-00691,Stop ATRAIL,legacy
DEPO-00691,220-51616,legacy
DEPO-00691,220-51616-R,legacy
DEPO-00692,4294-L,legacy
DEPO-00692,Stop B11 CORTO,legacy
DEPO-00692,4294,legacy
DEPO-00693,Stop B14 NISSAN,legacy
DEPO-00693,1059-L,legacy
DEPO-00693,1059,legacy
DEPO-00694,Stop B14 NISSAN,legacy
DEPO-00694,1059-R,legacy
DEPO-00694,1059,legacy
DEPO-00695,220-61871,legacy
DEPO-00695,Stop BONGO,legacy
DEPO-00695,220-61871-R,legacy
DEPO-00696,J21,legacy
DEPO-00696,J21-L,legacy
DEPO-00696,Stop BOXY,legacy
DEPO-00697,J21,legacy
DEPO-00697,J21-R,legacy
DEPO-00697,Stop BOXY,legacy
DEPO-00698,Stop CALDINA A MUELLE,legacy
DEPO-00698,7352,legacy
DEPO-00698,7352-R,legacy
DEPO-00699,1231,legacy
DEPO-00699,Stop CALDINA GT,legacy
DEPO-00699,1231-L,legacy
DEPO-00700,1231-R,legacy
DEPO-00700,1231,legacy
DEPO-00700,Stop CALDINA GT,legacy
DEPO-00701,Stop CALDINA TURING,legacy
DEPO-00701,7409-L,legacy
DEPO-00701,7409,legacy
DEPO-00702,Stop CALDINA TURING,legacy
DEPO-00702,7409-R,legacy
DEPO-00702,7409,legacy
DEPO-00703,Stop CARIB 80,legacy
DEPO-00703,7157-L,legacy
DEPO-00703,7157,legacy
DEPO-00704,Stop CARIB 90,legacy
DEPO-00704,12-263,legacy
DEPO-00704,12-263-L,legacy
DEPO-00705,Stop CARIB 90,legacy
DEPO-00705,12-263,legacy
DEPO-00705,12-263-R,legacy
DEPO-00706,13-55-L,legacy
DEPO-00706,Stop CARIB BZ,legacy
DEPO-00706,13-55,legacy
DEPO-00707,Stop CARIB BZ,legacy
DEPO-00707,13-55,legacy
DEPO-00707,13-55-R,legacy
DEPO-00708,20-274-L,legacy
DEPO-00708,Stop CARINA,legacy
DEPO-00708,20-274,legacy
DEPO-00709,20-274-R,legacy
DEPO-00709,Stop CARINA,legacy
DEPO-00709,20-274,legacy
DEPO-00710,Stop CARINA92,legacy
DEPO-00710,53-07901,legacy
DEPO-00710,53-07901-L,legacy
DEPO-00711,Stop CARINA92,legacy
DEPO-00711,53-07901,legacy
DEPO-00711,53-07901-R,legacy
DEPO-00712,33-09303-R,legacy
DEPO-00712,Stop CELICA 90,legacy
DEPO-00712,33-09303,legacy
DEPO-00713,20-334-L,legacy
DEPO-00713,20-334,legacy
DEPO-00713,Stop CELICA 99,legacy
DEPO-00714,20-334-R,legacy
DEPO-00714,20-334,legacy
DEPO-00714,Stop CELICA 99,legacy
DEPO-00715,4022,legacy
DEPO-00715,4022-L,legacy
DEPO-00715,Stop CHANCHO CARAVAN,legacy
DEPO-00716,4022,legacy
DEPO-00716,4022-R,legacy
DEPO-00716,Stop CHANCHO CARAVAN,legacy
DEPO-00717,Stop COLT MITSUBISHI,legacy
DEPO-00717,043-1566,legacy
DEPO-00717,043-1566-L,legacy
DEPO-00718,Stop COLT MITSUBISHI,legacy
DEPO-00718,043-1566,legacy
DEPO-00718,043-1566-R,legacy
DEPO-00719,Stop COROLLA 2,legacy
DEPO-00719,16-115-L,legacy
DEPO-00719,16-115,legacy
DEPO-00720,Stop COROLLA 2,legacy
DEPO-00720,16-115-R,legacy
DEPO-00720,16-115,legacy
DEPO-00721,12-104,legacy
DEPO-00721,12-104-L,legacy
DEPO-00721,Stop COROLLA 78,legacy
DEPO-00722,12-173,legacy
DEPO-00722,Stop COROLLA 83 212-1915,legacy
DEPO-00722,12-173-R,legacy
DEPO-00723,13-29,legacy
DEPO-00723,13-29-R,legacy
DEPO-00723,Stop COROLLA 89,legacy
DEPO-00724,Stop COROLLA 90 212-1954,legacy
DEPO-00724,12-327,legacy
DEPO-00724,12-327-R,legacy
DEPO-00725,Stop COROLLA 92 212-1967,legacy
DEPO-00725,33-09307-L,legacy
DEPO-00725,33-09307,legacy
DEPO-00726,Stop COROLLA 92 212-1967,legacy
DEPO-00726,33-09307-R,legacy
DEPO-00726,33-09307,legacy
DEPO-00727,12-127-L,legacy
DEPO-00727,12-127,legacy
DEPO-00727,Stop COROLLA KE70,legacy
DEPO-00728,12-127-R,legacy
DEPO-00728,12-127,legacy
DEPO-00728,Stop COROLLA KE70,legacy
DEPO-00729,Stop COROLLA KE75 212-1913,legacy
DEPO-00729,12-150-L,legacy
DEPO-00729,12-150,legacy
DEPO-00730,212-1967-R,legacy
DEPO-00730,Stop COROLLA Mod. 92-94 Auto,legacy
DEPO-00730,212-1967,legacy
DEPO-00731,16-98-L,legacy
DEPO-00731,16-98,legacy
DEPO-00731,Stop COROLLA2,legacy
DEPO-00732,16-98,legacy
DEPO-00732,16-98-R,legacy
DEPO-00732,Stop COROLLA2,legacy
DEPO-00733,Stop CORONA 1 COLOR,legacy
DEPO-00733,10-120,legacy
DEPO-00733,10-120-L,legacy
DEPO-00734,Stop CORONA 99 rojo y blanco,legacy
DEPO-00734,33-1105-L,legacy
DEPO-00734,33-1105,legacy
DEPO-00735,33-1105,legacy
DEPO-00735,33-1105-R,legacy
DEPO-00735,Stop CORONA 99,legacy
DEPO-00736,53-12003,legacy
DEPO-00736,53-12003-L,legacy
DEPO-00736,Stop CORSA,legacy
DEPO-00737,53-12003,legacy
DEPO-00737,53-12003-R,legacy
DEPO-00737,Stop CORSA,legacy
DEPO-00738,220-51328-R,legacy
DEPO-00738,Stop DAIHATSU 95,legacy
DEPO-00738,220-51328,legacy
DEPO-00739,4188-L,legacy
DEPO-00739,4188,legacy
DEPO-00739,Stop DATSUN B310 1979,legacy
DEPO-00740,4188-R,legacy
DEPO-00740,4188,legacy
DEPO-00740,Stop DATSUN B310 1979,legacy
DEPO-00741,7110,legacy
DEPO-00741,7110-L,legacy
DEPO-00741,Stop DATSUN B310 1979,legacy
DEPO-00742,7110,legacy
DEPO-00742,7110-R,legacy
DEPO-00742,Stop DATSUN B310 1979,legacy
DEPO-00743,Stop DE LEGACY,legacy
DEPO-00743,1053-L,legacy
DEPO-00743,1053,legacy
DEPO-00744,1053-R,legacy
DEPO-00744,Stop DE LEGACY,legacy
DEPO-00744,1053,legacy
DEPO-00745,Stop DODGE RAM 1500 2500 PICK UP Mod.2002~2003~2004~2005~2006,legacy
DEPO-00745,334-1906,legacy
DEPO-00745,334-1906-L,legacy
DEPO-00746,Stop DODGE RAM 1500 2500 PICK UP Mod.2002~2003~2004~2005~2006,legacy
DEPO-00746,334-1906,legacy
DEPO-00746,334-1906-R,legacy
DEPO-00747,231-1955-L,legacy
DEPO-00747,231-1955,legacy
DEPO-00747,Stop Ford RANGER Mod. 2008~2009~2010~2011,legacy
DEPO-00748,Stop FORESTER2000,legacy
DEPO-00748,220-20697,legacy
DEPO-00748,220-20697-L,legacy
DEPO-00749,220-20697-R,legacy
DEPO-00749,Stop FORESTER2000,legacy
DEPO-00749,220-20697,legacy
DEPO-00750,795-R,legacy
DEPO-00750,795,legacy
DEPO-00750,Stop FX,legacy
DEPO-00751,Stop GRAND VIA 212-19B3,legacy
DEPO-00751,26-55,legacy
DEPO-00751,26-55-L,legacy
DEPO-00752,Stop GRAND VIA 212-19B3,legacy
DEPO-00752,26-55,legacy
DEPO-00752,26-55-R,legacy
DEPO-00753,26-15,legacy
DEPO-00753,Stop HIACE CUADRADO,legacy
DEPO-00753,26-15-L,legacy
DEPO-00754,212-1916,legacy
DEPO-00754,212-1916-R,legacy
DEPO-00754,Stop HIACE Mod 84/87,legacy
DEPO-00755,33-07803-L,legacy
DEPO-00755,33-07803,legacy
DEPO-00755,Stop HILUX SUF 96,legacy
DEPO-00756,33-07803-R,legacy
DEPO-00756,33-07803,legacy
DEPO-00756,Stop HILUX SUF 96,legacy
DEPO-00757,1167-L,legacy
DEPO-00757,1167,legacy
DEPO-00757,Stop HONDA CRV,legacy
DEPO-00758,1167,legacy
DEPO-00758,Stop HONDA CRV,legacy
DEPO-00758,1167-R,legacy
DEPO-00759,MB952979,legacy
DEPO-00759,STOP MITSUBISHI CARISMA 97-99,legacy
DEPO-00759,MB952979-L,legacy
DEPO-00760,MB952979-R,legacy
DEPO-00760,MB952979,legacy
DEPO-00760,STOP MITSUBISHI CARISMA 97-99,legacy
DEPO-00761,01405,legacy
DEPO-00761,Stop HONDA EG,legacy
DEPO-00761,01405-L,legacy
DEPO-00762,01405,legacy
DEPO-00762,01405-R,legacy
DEPO-00762,Stop HONDA EG,legacy
DEPO-00763,043-1262,legacy
DEPO-00763,043-1262-L,legacy
DEPO-00763,Stop HONDA EK,legacy
DEPO-00764,043-1262,legacy
DEPO-00764,043-1262-R,legacy
DEPO-00764,Stop HONDA EK,legacy
DEPO-00765,043-1212,legacy
DEPO-00765,Stop HONDA VARIOS,legacy
DEPO-00765,043-1212-L,legacy
DEPO-00766,043-1212,legacy
DEPO-00766,Stop HONDA VARIOS,legacy
DEPO-00766,043-1212-R,legacy
DEPO-00767,220-20553-L,legacy
DEPO-00767,Stop IMPREZA,legacy
DEPO-00767,220-20553,legacy
DEPO-00768,220-20553,legacy
DEPO-00768,Stop IMPREZA,legacy
DEPO-00768,220-20553-R,legacy
DEPO-00769,220-22185-R,legacy
DEPO-00769,Stop INTEGRA HONDA,legacy
DEPO-00769,220-22185,legacy
DEPO-00770,220-22220,legacy
DEPO-00770,220-22220-L,legacy
DEPO-00770,Stop INTEGRA HONDA,legacy
DEPO-00771,Stop IO,legacy
DEPO-00771,1311-L,legacy
DEPO-00771,1311,legacy
DEPO-00772,Stop IO,legacy
DEPO-00772,1311-R,legacy
DEPO-00772,1311,legacy
DEPO-00773,44-5,legacy
DEPO-00773,44-5-R,legacy
DEPO-00773,Stop IPSUM,legacy
DEPO-00774,212-1904,legacy
DEPO-00774,Stop LAND CRUISSER DINA Mod.74~81 UNIVERSAL,legacy
DEPO-00774,212-1904-L,legacy
DEPO-00775,212-1904,legacy
DEPO-00775,Stop LAND CRUISSER DINA Mod.74~81 UNIVERSAL,legacy
DEPO-00775,212-1904-R,legacy
DEPO-00776,12-426-L,legacy
DEPO-00776,12-426,legacy
DEPO-00776,Stop LEVIN AE 92,legacy
DEPO-00777,Stop LEVIN TOYOTA LEVIN 90,legacy
DEPO-00777,7337-L,legacy
DEPO-00777,7337,legacy
DEPO-00778,Stop LEVIN TOYOTA LEVIN 90,legacy
DEPO-00778,7337-R,legacy
DEPO-00778,7337,legacy
DEPO-00779,Stop LEVN 92,legacy
DEPO-00779,7370,legacy
DEPO-00779,7370-L,legacy
DEPO-00780,Stop LEVN 92,legacy
DEPO-00780,7370,legacy
DEPO-00780,7370-R,legacy
DEPO-00781,28-97,legacy
DEPO-00781,Stop LITE ACE 212-1983,legacy
DEPO-00781,28-97-L,legacy
DEPO-00782,28-97,legacy
DEPO-00782,Stop LITE ACE 212-1983,legacy
DEPO-00782,28-97-R,legacy
DEPO-00783,4886,legacy
DEPO-00783,Stop MARCH,legacy
DEPO-00783,4886-L,legacy
DEPO-00784,4886,legacy
DEPO-00784,Stop MARCH,legacy
DEPO-00784,4886-R,legacy
DEPO-00785,216-1992-L,legacy
DEPO-00785,Stop Mazda BT-50 Mod.2012~2014 Pick Up Camioneta,legacy
DEPO-00785,216-1992,legacy
DEPO-00786,216-1992-R,legacy
DEPO-00786,Stop Mazda BT-50 Mod.2012~2014 Pick Up Camioneta,legacy
DEPO-00786,216-1992,legacy
DEPO-00787,216-19AG,legacy
DEPO-00787,Stop MAZDA BT-50 Mod.2015~2016~2017~2018~2019~2020,legacy
DEPO-00787,216-19AG-L,legacy
DEPO-00788,216-19AG,legacy
DEPO-00788,Stop MAZDA BT-50 Mod.2015~2016~2017~2018~2019~2020,legacy
DEPO-00788,216-19AG-R,legacy
DEPO-00789,31-11301,legacy
DEPO-00789,Stop MITSUBISHI CHARIOT GRANDIS,legacy
DEPO-00789,31-11301-L,legacy
DEPO-00790,31-11301-R,legacy
DEPO-00790,31-11301,legacy
DEPO-00790,Stop MITSUBISHI CHARIOT GRANDIS,legacy
DEPO-00791,043-8557,legacy
DEPO-00791,043-8557-L,legacy
DEPO-00791,Stop MITSUBISHI COULT 3 1989,legacy
DEPO-00792,043-8557-R,legacy
DEPO-00792,043-8557,legacy
DEPO-00792,Stop MITSUBISHI COULT 3 1989,legacy
DEPO-00793,043-1593-L,legacy
DEPO-00793,043-1593,legacy
DEPO-00793,Stop MITSUBISHI GALANT,legacy
DEPO-00794,1121-R,legacy
DEPO-00794,Stop MITSUBISHI JUNIOR,legacy
DEPO-00794,1121,legacy
DEPO-00795,214-1941-L,legacy
DEPO-00795,214-1941,legacy
DEPO-00795,Stop Mitsubishi LANCER Mod. 92~93~94~95~96 LIBERO,legacy
DEPO-00796,220-37508,legacy
DEPO-00796,220-37508-L,legacy
DEPO-00796,Stop MITSUBSHI DELICA,legacy
DEPO-00797,220-37508,legacy
DEPO-00797,220-37508-R,legacy
DEPO-00797,Stop MITSUBSHI DELICA,legacy
DEPO-00798,043-6772,legacy
DEPO-00798,Stop MONTERO 214-1922,legacy
DEPO-00798,043-6772-L,legacy
DEPO-00799,043-6772-R,legacy
DEPO-00799,043-6772,legacy
DEPO-00799,Stop MONTERO 214-1922,legacy
DEPO-00800,220-24522,legacy
DEPO-00800,Stop NA 20 URVAN 215-1942,legacy
DEPO-00800,220-24522-L,legacy
DEPO-00801,220-24522-R,legacy
DEPO-00801,220-24522,legacy
DEPO-00801,Stop NA 20 URVAN 215-1942,legacy
DEPO-00802,Stop NISSAN AD WAGON,legacy
DEPO-00802,7309-R,legacy
DEPO-00802,7309,legacy
DEPO-00803,220-24555-L,legacy
DEPO-00803,220-24555,legacy
DEPO-00803,Stop NISSAN AD Y10,legacy
DEPO-00804,220-24555-R,legacy
DEPO-00804,220-24555,legacy
DEPO-00804,Stop NISSAN AD Y10,legacy
DEPO-00805,4339,legacy
DEPO-00805,Stop NISSAN B11 LARGO,legacy
DEPO-00805,4339-R,legacy
DEPO-00806,33-10505,legacy
DEPO-00806,Stop NISSAN CUSTOM E 24,legacy
DEPO-00806,33-10505-L,legacy
DEPO-00807,33-10505,legacy
DEPO-00807,Stop NISSAN CUSTOM E 24,legacy
DEPO-00807,33-10505-R,legacy
DEPO-00808,7327,legacy
DEPO-00808,Stop NISSAN MARCH 97 a rayas,legacy
DEPO-00808,7327-L,legacy
DEPO-00809,7327-R,legacy
DEPO-00809,7327,legacy
DEPO-00809,Stop NISSAN MARCH 97 a rayas,legacy
DEPO-00810,7379-L,legacy
DEPO-00810,7379,legacy
DEPO-00810,Stop NISSAN PULSAR,legacy
DEPO-00811,7379-R,legacy
DEPO-00811,7379,legacy
DEPO-00811,Stop NISSAN PULSAR,legacy
DEPO-00812,Stop NISSAN SERENA,legacy
DEPO-00812,220-52458,legacy
DEPO-00812,220-52458-L,legacy
DEPO-00813,Stop NISSAN SERENA,legacy
DEPO-00813,220-52458,legacy
DEPO-00813,220-52458-R,legacy
DEPO-00814,4363-L,legacy
DEPO-00814,Stop NISSAN SUNNY B12,legacy
DEPO-00814,4363,legacy
DEPO-00815,4363,legacy
DEPO-00815,Stop NISSAN SUNNY B12,legacy
DEPO-00815,4363-R,legacy
DEPO-00816,7344,legacy
DEPO-00816,Stop NISSAN SUNNY B13 DOBLE LINEA 215-1991,legacy
DEPO-00816,7344-L,legacy
DEPO-00817,7344-R,legacy
DEPO-00817,7344,legacy
DEPO-00817,Stop NISSAN SUNNY B13 DOBLE LINEA 215-1991,legacy
DEPO-00818,215-1942-R,legacy
DEPO-00818,Stop Nissan URVAN Mod.90~ E24 Minibus E2,legacy
DEPO-00818,215-1942,legacy
DEPO-00819,043-1150-L,legacy
DEPO-00819,043-1150,legacy
DEPO-00819,Stop PRELUDE,legacy
DEPO-00820,043-1150,legacy
DEPO-00820,Stop PRELUDE,legacy
DEPO-00820,043-1150-R,legacy
DEPO-00821,7307,legacy
DEPO-00821,7307-L,legacy
DEPO-00821,Stop PRESSEA,legacy
DEPO-00822,7307-R,legacy
DEPO-00822,7307,legacy
DEPO-00822,Stop PRESSEA,legacy
DEPO-00823,10-85-R,legacy
DEPO-00823,Stop REFLEX,legacy
DEPO-00823,10-85,legacy
DEPO-00824,Stop Renault SANDERO STEPWAY Mod. 2012~2013~2014~2015,legacy
DEPO-00824,551-19A2,legacy
DEPO-00824,551-19A2-R,legacy
DEPO-00825,Stop RVR 92,legacy
DEPO-00825,043-1536,legacy
DEPO-00825,043-1536-L,legacy
DEPO-00826,Stop RVR 92,legacy
DEPO-00826,043-1536,legacy
DEPO-00826,043-1536-R,legacy
DEPO-00827,043-1550,legacy
DEPO-00827,043-1550-L,legacy
DEPO-00827,Stop RVR BI COLOR,legacy
DEPO-00828,043-1550,legacy
DEPO-00828,043-1550-R,legacy
DEPO-00828,Stop RVR BI COLOR,legacy
DEPO-00829,33-1300,legacy
DEPO-00829,Stop SOLEI EP82,legacy
DEPO-00829,33-1300-R,legacy
DEPO-00830,33-1300,legacy
DEPO-00830,Stop SOLEI EP82,legacy
DEPO-00830,33-1300-L,legacy
DEPO-00831,12-353,legacy
DEPO-00831,Stop SPRINTER 93,legacy
DEPO-00831,12-353-R,legacy
DEPO-00832,1079,legacy
DEPO-00832,Stop STARLET,legacy
DEPO-00832,1079-L,legacy
DEPO-00833,1079-R,legacy
DEPO-00833,1079,legacy
DEPO-00833,Stop STARLET,legacy
DEPO-00834,53-07601,legacy
DEPO-00834,53-07601-L,legacy
DEPO-00834,Stop STARLET EP82,legacy
DEPO-00835,53-07601,legacy
DEPO-00835,53-07601-R,legacy
DEPO-00835,Stop STARLET EP82,legacy
DEPO-00836,Stop STARLET EP82 TURBO,legacy
DEPO-00836,220-75539,legacy
DEPO-00836,220-75539-R,legacy
DEPO-00837,4340-L,legacy
DEPO-00837,Stop SUABU DOMINGO,legacy
DEPO-00837,4340,legacy
DEPO-00838,4340,legacy
DEPO-00838,Stop SUABU DOMINGO,legacy
DEPO-00838,4340-R,legacy
DEPO-00839,220-20597,legacy
DEPO-00839,220-20597-L,legacy
DEPO-00839,Stop SUBARU 97,legacy
DEPO-00840,220-20597,legacy
DEPO-00840,220-20597-R,legacy
DEPO-00840,Stop SUBARU 97,legacy
DEPO-00841,Stop SUBARU DOMINGO,legacy
DEPO-00841,2074-L,legacy
DEPO-00841,2074,legacy
DEPO-00842,Stop SUBARU DOMINGO,legacy
DEPO-00842,2074,legacy
DEPO-00842,2074-R,legacy
DEPO-00843,220-20491-R,legacy
DEPO-00843,220-20491,legacy
DEPO-00843,Stop SUBARU LEGACY 92 VERIFICAR MOD,legacy
DEPO-00844,836,legacy
DEPO-00844,Stop SUNNY B13 215-1967,legacy
DEPO-00844,836-L,legacy
DEPO-00845,836,legacy
DEPO-00845,836-R,legacy
DEPO-00845,Stop SUNNY B13 215-1967,legacy
DEPO-00846,218-1905,legacy
DEPO-00846,218-1905-R,legacy
DEPO-00846,Stop Suzuki SAMURAI,legacy
DEPO-00847,Stop Suzuqui ERTIGA Mod. 2011 2012~2013~2014,legacy
DEPO-00847,218-1974,legacy
DEPO-00847,218-1974-R,legacy
DEPO-00848,Stop Suzuqui GRAN VITARA Mod.2005 Cristal 2,legacy
DEPO-00848,218-1949,legacy
DEPO-00848,218-1949-L,legacy
DEPO-00849,Stop Suzuqui GRAN VITARA Mod.2005 Cristal 2,legacy
DEPO-00849,218-1949-R,legacy
DEPO-00849,218-1949,legacy
DEPO-00850,Stop Toyota 4RUNNER Mod. 2013~2014~2015~2016~2017. LED,legacy
DEPO-00850,312-19C2-L,legacy
DEPO-00850,312-19C2,legacy
DEPO-00851,Stop Toyota 4RUNNER Mod. 2013~2014~2015~2016~2017. LED,legacy
DEPO-00851,312-19C2-R,legacy
DEPO-00851,312-19C2,legacy
DEPO-00852,Stop TOYOTA CARINA 91,legacy
DEPO-00852,20-222,legacy
DEPO-00852,20-222-L,legacy
DEPO-00853,Stop TOYOTA CARINA 91,legacy
DEPO-00853,20-222,legacy
DEPO-00853,20-222-R,legacy
DEPO-00854,Stop TOYOTA COROLLA 212-1935-1,legacy
DEPO-00854,12-259,legacy
DEPO-00854,12-259-R,legacy
DEPO-00855,20-161-R,legacy
DEPO-00855,20-161,legacy
DEPO-00855,Stop TOYOTA CORONA con retro,legacy
DEPO-00856,Stop TOYOTA LEVIN,legacy
DEPO-00856,33-09803-L,legacy
DEPO-00856,33-09803,legacy
DEPO-00857,Stop TOYOTA LEVIN,legacy
DEPO-00857,33-09803,legacy
DEPO-00857,33-09803-R,legacy
DEPO-00858,33-13003,legacy
DEPO-00858,33-13003-R,legacy
DEPO-00858,Stop TOYOTA SINOS VERIFICAR,legacy
DEPO-00859,Stop TOYOTA SUCCED 212-19Y002,legacy
DEPO-00859,212-19Y002-U,legacy
DEPO-00859,212-19Y002-U-L,legacy
DEPO-00860,212-19Y002-U-R,legacy
DEPO-00860,Stop TOYOTA SUCCED 212-19Y002,legacy
DEPO-00860,212-19Y002-U,legacy
DEPO-00861,Stop TOYOTA TERCEL,legacy
DEPO-00861,33-12103,legacy
DEPO-00861,33-12103-L,legacy
DEPO-00862,Stop TOYOTA TERCEL,legacy
DEPO-00862,33-12103,legacy
DEPO-00862,33-12103-R,legacy
DEPO-00863,32-128-L,legacy
DEPO-00863,32-128,legacy
DEPO-00863,Stop TOYOTA WINDOWN,legacy
DEPO-00864,32-128,legacy
DEPO-00864,32-128-R,legacy
DEPO-00864,Stop TOYOTA WINDOWN,legacy
DEPO-00865,Stop TRUENO 90,legacy
DEPO-00865,12-319,legacy
DEPO-00865,12-319-R,legacy
DEPO-00866,12-301-R,legacy
DEPO-00866,Stop TRUENO 90 AE92,legacy
DEPO-00866,12-301,legacy
DEPO-00867,Stop TRUENO 96,legacy
DEPO-00867,220-76610-L,legacy
DEPO-00867,220-76610,legacy
DEPO-00868,Stop TRUENO 96,legacy
DEPO-00868,220-76610-R,legacy
DEPO-00868,220-76610,legacy
DEPO-00869,7324-L,legacy
DEPO-00869,Stop VERIFICAR,legacy
DEPO-00869,7324,legacy
DEPO-00870,220-32224,legacy
DEPO-00870,220-32224-R,legacy
DEPO-00870,Stop VIATARA ESCUDO,legacy
DEPO-00871,220-32224-L,legacy
DEPO-00871,Stop VITARA ESCUDO,legacy
DEPO-00871,220-32224,legacy
DEPO-00872,218-1983-L,legacy
DEPO-00872,Stop VITARA Mod. 2015~2016~2017,legacy
DEPO-00872,218-1983,legacy
DEPO-00873,Stop VITARA Mod. 2015~2016~2017,legacy
DEPO-00873,218-1983,legacy
DEPO-00873,218-1983-R,legacy
DEPO-00874,52-049-R,legacy
DEPO-00874,52-049,legacy
DEPO-00874,Stop VITZ,legacy
DEPO-00875,441-19C5-L,legacy
DEPO-00875,Stop Volkswagen SAVEIRO Mod. 2010~2011~2013~2014~2015,legacy
DEPO-00875,441-19C5,legacy
DEPO-00876,Stop Volkswagen SAVEIRO Mod. 2010~2011~2013~2014~2015,legacy
DEPO-00876,441-19C5,legacy
DEPO-00876,441-19C5-R,legacy
DEPO-00877,043-1563-L,legacy
DEPO-00877,043-1563,legacy
DEPO-00877,Stop-LANCER 92 214-1942,legacy
DEPO-00878,Tacometro,legacy
DEPO-00878,DF12001,legacy
DEPO-00879,Tapa de TABLERO FORESTER 97-2000 FIBRA,legacy
DEPO-00879,TT-FORESTER-F,legacy
DEPO-00880,SB11013A-L,legacy
DEPO-00880,SB11013A,legacy
DEPO-00880,Tapabarro FORESTER Mod. 98~99~2000~2001~2002,legacy
DEPO-00881,SB11013A-R,legacy
DEPO-00881,SB11013A,legacy
DEPO-00881,Tapabarro FORESTER Mod. 98~99~2000~2001~2002,legacy
DEPO-00882,3494,legacy
DEPO-00882,3494-L,legacy
DEPO-00882,TOYOTA EP82,legacy
DEPO-00883,3485,legacy
DEPO-00883,Starlet solei 91,legacy
DEPO-00883,TOYOTA,legacy
DEPO-00883,3485-R,legacy
DEPO-00884,TURBO TD04,legacy
DEPO-00884,TD-04,legacy
DEPO-00885,VARIOS VERIFICAR,legacy
DEPO-00885,4280,legacy
DEPO-00885,4280-L,legacy
DEPO-00886,197001,legacy
DEPO-00886,Velocimetro SUBARU forester,legacy
DEPO-00887,Velocimetro SUBARU impreza,legacy
DEPO-00887,22002,legacy
DEPO-00888,Velocimetro SUBARU lite ace,legacy
DEPO-00888,257500-3532,legacy
DEPO-00889,20-93-R,legacy
DEPO-00889,20-93,legacy
DEPO-00889,Bisel CORONA CON Media luz 212-1535,legacy
DEPO-00890,53130-95J08-R,legacy
DEPO-00890,Bisel CUSTOM 90 CROMADO,legacy
DEPO-00890,53130-95J08,legacy
DEPO-00891,53130-95J07-L,legacy
DEPO-00891,53130-95J07,legacy
DEPO-00891,Bisel CUSTOM 90 PLOMO,legacy
DEPO-00892,74071-60R00,legacy
DEPO-00892,Bisel NISSAN AD,legacy
DEPO-00892,74071-60R00-L,legacy
DEPO-00893,74071-60R00,legacy
DEPO-00893,Bisel NISSAN AD,legacy
DEPO-00893,74071-60R00-R,legacy
DEPO-00894,62411-L,legacy
DEPO-00894,62411,legacy
DEPO-00894,Bisel NISSAN URVAN,legacy
DEPO-00895,3686-N-L,legacy
DEPO-00895,3686-N,legacy
DEPO-00895,Espejo MITSUBISHI Montero Negro ELECTRICO,legacy
DEPO-00896,3686-N-R,legacy
DEPO-00896,3686-N,legacy
DEPO-00896,Espejo MITSUBISHI Montero Negro ELECTRICO,legacy
DEPO-00897,Espejo Toyota Camry 92,legacy
DEPO-00897,VZV-32,legacy
DEPO-00897,VZV-32-L,legacy
DEPO-00898,G-35-L,legacy
DEPO-00898,Espejo Toyota Varios,legacy
DEPO-00898,G-35,legacy
DEPO-00899,Espejo Toyota Varios,legacy
DEPO-00899,G-35-R,legacy
DEPO-00899,G-35,legacy
DEPO-00900,1517,legacy
DEPO-00900,Espejo Honda varios,legacy
DEPO-00900,1517-L,legacy
DEPO-00901,5483-2-R,legacy
DEPO-00901,Espejo Toyota Ipsum,legacy
DEPO-00901,5483-2,legacy
DEPO-00902,1569-L,legacy
DEPO-00902,Espejo Toyota Mark 2,legacy
DEPO-00902,1569,legacy
DEPO-00903,561327-R,legacy
DEPO-00903,Espejo Toyota Levin 92,legacy
DEPO-00903,561327,legacy
DEPO-00904,2200,legacy
DEPO-00904,Espejo Honda Prelude 87-92,legacy
DEPO-00904,2200-L,legacy
DEPO-00905,2200,legacy
DEPO-00905,2200-R,legacy
DEPO-00905,Espejo Honda Prelude 87-92,legacy
DEPO-00906,4675-2,legacy
DEPO-00906,Espejo Nissan b14 Largo Eléctrico 3 pines,legacy
DEPO-00906,4675-2-L,legacy
DEPO-00907,Espejo Nissan b14 Largo Eléctrico 3 pines,legacy
DEPO-00907,4675-2,legacy
DEPO-00907,4675-2-R,legacy
DEPO-00908,8247-R,legacy
DEPO-00908,Espejo Nissan Pulsar eléctrico 3 pines,legacy
DEPO-00908,8247,legacy
DEPO-00909,5069,legacy
DEPO-00909,5069-L,legacy
DEPO-00909,Espejo Subaru Impreza,legacy
DEPO-00910,5069,legacy
DEPO-00910,Espejo Subaru Impreza,legacy
DEPO-00910,5069-R,legacy
DEPO-00911,EH-MITSUBISHI,legacy
DEPO-00911,Estuché de herramientas Mitsubishi Negro,legacy
DEPO-00912,EH-DAIHATSU,legacy
DEPO-00912,Estuché de herramientas DAIHATSU azul,legacy
DEPO-00913,Espejo Nissan e25 brazo cromado,legacy
DEPO-00913,B38-C-L,legacy
DEPO-00913,B38-C,legacy
DEPO-00914,BU-SURF-F,legacy
DEPO-00914,Buchera de fibra Hilux Surf,legacy
DEPO-00914,BU-SURF-F-L,legacy
DEPO-00915,Stop STARLET EP82 TURBO,legacy
DEPO-00915,220-75539,legacy
DEPO-00915,220-75539-L,legacy
DEPO-00916,7362,legacy
DEPO-00916,STOP TOYOTA CALDINA A MUELLE ROJO BLANCO,legacy
DEPO-00916,7362-L,legacy
DEPO-00917,7362,legacy
DEPO-00917,STOP TOYOTA CALDINA A MUELLE ROJO BLANCO,legacy
DEPO-00917,7362-R,legacy
DEPO-00918,20-120-R,legacy
DEPO-00918,STOP TOYOTA CORONA 1983 (rojo / Naranja),legacy
DEPO-00918,20-120,legacy
DEPO-00919,Stop CARIB 80,legacy
DEPO-00919,7157-R,legacy
DEPO-00919,7157,legacy
DEPO-00920,TD-30,legacy
DEPO-00920,TD-30-L,legacy
DEPO-00920,EMBELLECEDOR DE MALETERO MITSUBISHI LANCER EVO 6,legacy
DEPO-00921,TD-30-R,legacy
DEPO-00921,TD-30,legacy
DEPO-00921,EMBELLECEDOR DE MALETERO MITSUBISHI LANCER EVO 6,legacy
DEPO-00922,1159,legacy
DEPO-00922,Farol Toyota Varios,legacy
DEPO-00922,1159-R,legacy
DEPO-00923,212-1166-L,legacy
DEPO-00923,Farol Toyota. rav 4 97,legacy
DEPO-00923,212-1166,legacy
DEPO-00924,212-1166-R,legacy
DEPO-00924,Farol Toyota. rav 4 97,legacy
DEPO-00924,212-1166,legacy
DEPO-00925,47-59-L,legacy
DEPO-00925,47-59,legacy
DEPO-00925,Stop BLUBIRT 96,legacy
DEPO-00926,FAROL TOYOTASPACIO,legacy
DEPO-00926,13-38,legacy
DEPO-00926,13-38-L,legacy
DEPO-00927,Farol Toyota Spacio,legacy
DEPO-00927,13-38-R,legacy
DEPO-00927,13-38,legacy
DEPO-00928,215-1129-L,legacy
DEPO-00928,215-1129,legacy
DEPO-00929,215-1129-R,legacy
DEPO-00929,215-1129,legacy
DEPO-00930,212-1112-TYC,legacy
DEPO-00930,212-1112-TYC-L,legacy
DEPO-00930,Farol Toyota COROLLA 90 CRISTALIZADO,legacy
DEPO-00931,212-1112-TYC,legacy
DEPO-00931,Farol Toyota COROLLA 90 CRISTALIZADO,legacy
DEPO-00931,212-1112-TYC-R,legacy
DEPO-00932,212-1112-L,legacy
DEPO-00932,212-1112,legacy
DEPO-00933,212-1112-R,legacy
DEPO-00933,212-1112,legacy
DEPO-00934,FAROL NISSAN SUNNY 2005,legacy
DEPO-00934,1602-L,legacy
DEPO-00934,1602,legacy
DEPO-00935,FAROL NISSAN SUNNY 2005,legacy
DEPO-00935,1602-R,legacy
DEPO-00935,1602,legacy
DEPO-00936,001-6840-L,legacy
DEPO-00936,001-6840,legacy
DEPO-00936,FAROL MAZDA BONGO SGL5 95,legacy
DEPO-00937,001-6840-R,legacy
DEPO-00937,001-6840,legacy
DEPO-00937,FAROL MAZDA BONGO SGL5 95,legacy
DEPO-00938,214-1203-R,legacy
DEPO-00938,214-1203,legacy
DEPO-00938,BICEL MITSUBISHI MONTERO 90,legacy
DEPO-00939,214-1128,legacy
DEPO-00939,214-1128-L,legacy
DEPO-00940,214-1128-R,legacy
DEPO-00940,214-1128,legacy
DEPO-00941,4413-L,legacy
DEPO-00941,4413,legacy
DEPO-00941,FAROL TOYOTA GAIA,legacy
DEPO-00942,4413-R,legacy
DEPO-00942,4413,legacy
DEPO-00942,FAROL TOYOTA GAIA,legacy
DEPO-00943,2650-L,legacy
DEPO-00943,2650,legacy
DEPO-00943,FAROL TOYOTA GRANVIA,legacy
DEPO-00944,2650,legacy
DEPO-00944,FAROL TOYOTA GRANVIA,legacy
DEPO-00944,2650-R,legacy
DEPO-00945,P0286,legacy
DEPO-00945,P0286-L,legacy
DEPO-00946,P0286,legacy
DEPO-00946,P0286-R,legacy
DEPO-00947,212-1105,legacy
DEPO-00947,212-1105-L,legacy
DEPO-00948,212-1105,legacy
DEPO-00948,212-1105-R,legacy
DEPO-00949,CP-DOMINGO,legacy
DEPO-00949,COLA DE PATO SUBARU DOMINGO,legacy
DEPO-00950,CP-MIT-GRANDIS,legacy
DEPO-00950,COLA DE PATO MITSUBISHI GRANDIS,legacy
DEPO-00951,BISEL SUBARU DOMINGO RASPADILLO ( FIBRA ),legacy
DEPO-00951,VI-S-DOM-89-F,legacy
DEPO-00951,VI-S-DOM-89-F-L,legacy
DEPO-00952,VI-S-DOM-89-F-R,legacy
DEPO-00952,VI-S-DOM-89-F,legacy
DEPO-00952,BISEL SUBARU DOMINGO RASPADILLO (FIBRA ),legacy
DEPO-00953,VI-S-DOM-89-F,legacy
DEPO-00953,BISEL SUBARU DOMINGO RASPADILLO JAPONÉS,legacy
DEPO-00953,VI-S-DOM-89-F-L,legacy
DEPO-00954,VI-S-DOM-89-F-R,legacy
DEPO-00954,VI-S-DOM-89-F,legacy
DEPO-00954,BISEL SUBARU DOMINGO RASPADILLO JAPONÉS,legacy
DEPO-00955,J-TOY-CALGT-F,legacy
DEPO-00955,JALADOR DE PUERTA TRASERA TOYOTA CALDINA GT,legacy
DEPO-00956,212-1592-B-K-L,legacy
DEPO-00956,GUIÑADOR TOYOTA COROLLA SAPITO NEGRO,legacy
DEPO-00956,212-1592-B-K,legacy
DEPO-00957,212-1592-B-K-R,legacy
DEPO-00957,GUIÑADOR TOYOTA COROLLA SAPITO NEGRO,legacy
DEPO-00957,212-1592-B-K,legacy
DEPO-00958,212-1126,legacy
DEPO-00958,212-1126-L,legacy
DEPO-00959,20-316-L,legacy
DEPO-00959,20-316,legacy
DEPO-00960,1266,legacy
DEPO-00960,1266-L,legacy
DEPO-00961,216-1139,legacy
DEPO-00961,216-1139-R,legacy
DEPO-00962,20-143,legacy
DEPO-00962,20-143-L,legacy
DEPO-00963,12-417-L,legacy
DEPO-00963,12-417,legacy
DEPO-00964,08423-42040,legacy
DEPO-00964,MASACARA TOYOTA RAV 4 TRD,legacy
DEPO-00965,MASCARA SUZUKI SWIFT IGNIS,legacy
DEPO-00965,71741-80G00,legacy
DEPO-00966,MASCARA NISSAAN CUSTOM CROMADO,legacy
DEPO-00966,62310-N00,legacy
DEPO-00967,PALOGENOS-MIT-JUN,legacy
DEPO-00967,PORTA ALÓGENOS MITSUBISHI JUNIOR SOBRE EL PARACHOQUE,legacy
DEPO-00968,TOMA DE AIRE TSUNAMI SUBARU FORESTER,legacy
DEPO-00968,F-TSU-SUB-FOR,legacy
DEPO-00969,F-TSU-SUB-IMP,legacy
DEPO-00969,TOMA DE AIRE TSUNAMI SUBARU IMPREZA,legacy
DEPO-00970,TOMA DE AIRE TSUNAMI UNIVERSAL CARBONO,legacy
DEPO-00970,C-TSU-SUB-UNI,legacy
DEPO-00971,TURBO NUEVO SUBARU EJ20 TURBO,legacy
DEPO-00971,TD-06,legacy
DEPO-00972,212-1156-L,legacy
DEPO-00972,212-1156,legacy
DEPO-00972,FAROL TOYOTA CALDINA 97 ( oreja agachada ),legacy
DEPO-00973,212-1156-R,legacy
DEPO-00973,FAROL TOYOTA CALDINA 97 ( oreja agachada ),legacy
DEPO-00973,212-1156,legacy
DEPO-00974,20-260-R,legacy
DEPO-00974,20-260,legacy
DEPO-00975,Cola DE PATO SUBARU FORESTER 2000 JAPONÉS,legacy
DEPO-00975,CP-SUB-FOR-OEM,legacy
DEPO-00976,13-29-L,legacy
DEPO-00976,13-29,legacy
DEPO-00976,Stop COROLLA 89,legacy
DEPO-00977,OEW2037,legacy
DEPO-00977,STOP DE MALETERA MITSUBISHI MONTERO (terecera luz ),legacy
DEPO-00978,221-1975,legacy
DEPO-00978,STOP HYUNDAI I10 2011-2012,legacy
DEPO-00978,221-1975-L,legacy
DEPO-00979,221-1975,legacy
DEPO-00979,STOP HYUNDAI I10 2011-2012,legacy
DEPO-00979,221-1975-R,legacy
DEPO-00980,221-1979-L,legacy
DEPO-00980,221-1979,legacy
DEPO-00980,STOP HYUNDAI I10 2014-2016,legacy
DEPO-00981,315-1934-PTU-VC,legacy
DEPO-00981,SET,legacy
DEPO-00982,STOP SUZUKI VITARA XL7 CRISTALIZADO,legacy
DEPO-00982,218-1937,legacy
DEPO-00982,218-1937-L,legacy
DEPO-00983,STOP SUZUKI VITARA XL7 CRISTALIZADO,legacy
DEPO-00983,218-1937-R,legacy
DEPO-00983,218-1937,legacy
DEPO-00984,212-19F1-PTA,legacy
DEPO-00984,SET,legacy
DEPO-00985,216-19AG,legacy
DEPO-00985,STOP MAZDA BT50 2015,legacy
DEPO-00985,216-19AG-L,legacy
DEPO-00986,216-19AG,legacy
DEPO-00986,STOP MAZDA BT50 2015,legacy
DEPO-00986,216-19AG-R,legacy
DEPO-00987,214-1140-L,legacy
DEPO-00987,214-1140,legacy
DEPO-00987,FAROL MITSUBISHI LANCER 95,legacy
DEPO-00988,214-1140-R,legacy
DEPO-00988,214-1140,legacy
DEPO-00988,FAROL MITSUBISHI LANCER 95,legacy
DEPO-00989,218-1164-R,legacy
DEPO-00989,218-1164,legacy
DEPO-00990,214-1556,legacy
DEPO-00990,214-1556-L,legacy
DEPO-00990,Media luz MITSUBISHI pajero 96,legacy
DEPO-00991,214-1556,legacy
DEPO-00991,214-1556-R,legacy
DEPO-00991,Media luz MITSUBISHI pajero 96,legacy
DEPO-00992,212-11T2,legacy
DEPO-00992,FAROL TOYOTA HILUX VIGO 2011,legacy
DEPO-00992,212-11T2-R,legacy
DEPO-00993,Media luz Nissan patrol 95,legacy
DEPO-00993,215-1427,legacy
DEPO-00993,215-1427-R,legacy
DEPO-00994,MIEDIA LUZ HONDA CIVIC 88,legacy
DEPO-00994,217-1531,legacy
DEPO-00994,217-1531-L,legacy
DEPO-00995,217-1531-R,legacy
DEPO-00995,MIEDIA LUZ HONDA CIVIC 88,legacy
DEPO-00995,217-1531,legacy
DEPO-00996,FAROL SUZUKI SWIFT 2011-2016,legacy
DEPO-00996,218-1151,legacy
DEPO-00996,218-1151-L,legacy
DEPO-00997,218-1151-R,legacy
DEPO-00997,FAROL SUZUKI SWIFT 2011-2016,legacy
DEPO-00997,218-1151,legacy
DEPO-00998,REFLECTOR FJ40,legacy
DEPO-00998,212-2901N,legacy
DEPO-00999,FAROL MITSUBISHI ECLIPSE SPYDER OJO DE ÁNGEL,legacy
DEPO-00999,314-1132-PXAS2-L,legacy
DEPO-00999,314-1132-PXAS2,legacy
DEPO-01000,314-1132-PXAS2-R,legacy
DEPO-01000,FAROL MITSUBISHI ECLIPSE SPYDER OJO DE ÁNGEL,legacy
DEPO-01000,314-1132-PXAS2,legacy
DEPO-01001,860074,legacy
DEPO-01002,870107-O,legacy
DEPO-01003,87005-G,legacy
DEPO-01004,87006-G,legacy
DEPO-01005,87009-G,legacy
DEPO-01006,870121-G,legacy
DEPO-01007,SZC-527,legacy
DEPO-01007,PRENSA EXEDY SUZUKI APV,legacy
DEPO-01008,MBD-005U,legacy
DEPO-01008,DISCO DE EMBREAGUE EXEDY SUZUKI APV,legacy
DEPO-01009,T-NISS-STOP-F,legacy
DEPO-01009,TAPA DE STOP NISSAN CUSTOM FIBRA,legacy
DEPO-01009,T-NISS-STOP-F-L,legacy
DEPO-01010,T-NISS-STOP-F,legacy
DEPO-01010,TAPA DE STOP NISSAN CUSTOM FIBRA,legacy
DEPO-01010,T-NISS-STOP-F-R,legacy
DEPO-01011,400300,legacy
DEPO-01012,CH-216071,legacy
DEPO-01013,PARACHOQUE TRASERO MITSUBISHI EVO 9,legacy
DEPO-01013,MB574333,legacy
DEPO-01014,71811-65D30,legacy
DEPO-01014,PARACHOQUE TRASERO SUZUKI GRAN VITARA,legacy
DEPO-01015,ESPEJO B13,legacy
DEPO-01015,YY213M-L,legacy
DEPO-01015,YY213M,legacy
DEPO-01016,YY213M-R,legacy
DEPO-01016,YY213M,legacy
DEPO-01016,ELSEJO B13,legacy
DEPO-01017,RETROVISOR TOYOTA HILUX MILENIUM CROMADO,legacy
DEPO-01017,TY8002B,legacy
DEPO-01017,TY8002B-L,legacy
DEPO-01018,222110,legacy
DEPO-01018,222110-L,legacy
DEPO-01019,TY8022-L,legacy
DEPO-01019,ESPEJO TOYOTA HILUX VIGO ELÉCTRICO,legacy
DEPO-01019,TY8022,legacy
DEPO-01020,YT7286,legacy
DEPO-01020,ESPEJO SUZUKI ALTO 2011,legacy
DEPO-01020,YT7286-L,legacy
DEPO-01021,YT7286,legacy
DEPO-01021,ESPEJO SUZUKI ALTO 2011,legacy
DEPO-01021,YT7286-R,legacy
DEPO-01022,219-1405,legacy
DEPO-01022,219-1405-L,legacy
DEPO-01023,219-1405,legacy
DEPO-01023,219-1405-R,legacy
DEPO-01024,Jeep Cherokee vicel,legacy
DEPO-01024,Am0709,legacy
DEPO-01024,Am0709-L,legacy
DEPO-01025,215-1977,legacy
DEPO-01026,220-6693,legacy
DEPO-01026,220-6693-L,legacy
DEPO-01026,STOP NISSAN SKYLINE,legacy
DEPO-01027,220-6693-R,legacy
DEPO-01027,220-6693,legacy
DEPO-01027,STOP NISSAN SKYLINE,legacy
DEPO-01028,215-19AA,legacy
DEPO-01028,215-19AA-L,legacy
DEPO-01029,SZ04092BA,legacy
DEPO-01030,SZ07067GA,legacy
DEPO-01031,SZ99020AL,legacy
DEPO-01032,SZ99020AR,legacy
DEPO-01033,Embellecedor FORESTER CARBONO,legacy
DEPO-01033,EM-FORESTER-C,legacy
DEPO-01034,CANDADO DE MOTO / SCOOTER ELÉCTRICO,legacy
DEPO-01034,FS8305,legacy
DEPO-01035,SZ11036A-L,legacy
DEPO-01035,SZ11036A,legacy
DEPO-01035,GUARDABARRO SUZUKI VITARA,legacy
DEPO-01036,SZ11036A-R,legacy
DEPO-01036,SZ11036A,legacy
DEPO-01036,GUARDABARRO SUZUKI VITARA,legacy
DEPO-01037,217-1516,legacy
DEPO-01037,Guiñador honda eg negro,legacy
DEPO-01037,217-1516-L,legacy
DEPO-01038,217-1516,legacy
DEPO-01038,Guiñador honda eg negro,legacy
DEPO-01038,217-1516-R,legacy
DEPO-01039,212-1592-R,legacy
DEPO-01039,212-1592,legacy
DEPO-01039,Media luz COROLLA Mod. 95 ~ 96 AE110. SAPITO,legacy
DEPO-01040,212-1670-L,legacy
DEPO-01040,212-1670,legacy
DEPO-01041,312-1141-L,legacy
DEPO-01041,FAROL TOYOTA RAV 4 99,legacy
DEPO-01041,312-1141,legacy
DEPO-01042,312-1141-R,legacy
DEPO-01042,FAROL TOYOTA RAV 4 99,legacy
DEPO-01042,312-1141,legacy
DEPO-01043,215-1111,legacy
DEPO-01043,FAROL NISSAN SUNNY B12,legacy
DEPO-01043,215-1111-R,legacy
DEPO-01044,218-1105,legacy
DEPO-01044,218-1105-L,legacy
DEPO-01045,218-1105-R,legacy
DEPO-01045,218-1105,legacy
DEPO-01046,312-1186-L,legacy
DEPO-01046,312-1186,legacy
DEPO-01047,AMORTIGUADOR PROBOX,legacy
DEPO-01047,870043,legacy
DEPO-01048,870090,legacy
DEPO-01048,AMORTIGUADOR APV,legacy
DEPO-01049,870052-O,legacy
DEPO-01050,DS-2007,legacy
DEPO-01050,AMORTIGUADORDELANTERO HILUX STAU,legacy
DEPO-01051,M-TOY-rav-f,legacy
DEPO-01051,MASCARA TOYOTA RAV 4 FIBRA DE VIDRIO,legacy
DEPO-01052,870104-G,legacy
DEPO-01052,AMORTIGUADOR CHARIOT,legacy
DEPO-01053,860009,legacy
DEPO-01053,MUÑÓN ESTABILIZADOR LARGO UNIVERSAL,legacy
DEPO-01054,MUÑÓN SUSPENCION SUPERIRO HIACE LOBO,legacy
DEPO-01054,860044,legacy
DEPO-01055,RODAMIENTO SUBARU EJ 20 SIN TURBO,legacy
DEPO-01055,30502-AA051,legacy
DEPO-01056,860051,legacy
DEPO-01056,MUÑÓN SUSPENCION TOYOTA TERCEL,legacy
DEPO-01057,860061,legacy
DEPO-01057,MUÑÓN SUSPENCION VANNETE BONGO INFERIOR MAZDA,legacy
DEPO-01058,JUNTA 24X23 TOY PROBOX,legacy
DEPO-01058,850022,legacy
DEPO-01059,214-1146,legacy
DEPO-01059,214-1146-L,legacy
DEPO-01059,FAROL MITSUBISHI MONTERO CRISTALIZADO,legacy
DEPO-01060,214-1146,legacy
DEPO-01060,214-1146-R,legacy
DEPO-01060,FAROL MITSUBISHI MONTERO CRISTALIZADO,legacy
DEPO-01061,RÓTULA HIACE LOBO 14X17,legacy
DEPO-01061,123629,legacy
DEPO-01062,214-11A7,legacy
DEPO-01062,214-11A7-R,legacy
DEPO-01062,FAROL MITSUBISHI MIRAGE,legacy
DEPO-01063,320-1506-R,legacy
DEPO-01063,Guiñador subaru forester,legacy
DEPO-01063,320-1506,legacy
DEPO-01064,FAROL MITSUBISHI COLT 87,legacy
DEPO-01064,214-1112-L,legacy
DEPO-01064,214-1112,legacy
DEPO-01065,218-1172-L,legacy
DEPO-01065,218-1172,legacy
DEPO-01066,218-1172,legacy
DEPO-01066,218-1172-R,legacy
DEPO-01067,043-1540,legacy
DEPO-01067,STOP MITSUBISHI MONTERO BORDE NEGRO,legacy
DEPO-01067,043-1540-L,legacy
DEPO-01068,STOP MITSUBISHI MONTERO BORDE NEGRO,legacy
DEPO-01068,043-1540-R,legacy
DEPO-01068,043-1540,legacy
DEPO-01069,210-87071,legacy
DEPO-01069,210-87071-R,legacy
DEPO-01070,215-1968-PXA-L,legacy
DEPO-01070,STOP CRISTALIZADO NISSAN PATROL,legacy
DEPO-01070,215-1968-PXA,legacy
DEPO-01071,215-1968-PXA-R,legacy
DEPO-01071,STOP CRISTALIZADO NISSAN PATROL,legacy
DEPO-01071,215-1968-PXA,legacy
DEPO-01072,212-1915,legacy
DEPO-01072,212-1915-L,legacy
DEPO-01073,215-1993,legacy
DEPO-01073,215-1993-R,legacy
DEPO-01074,215-1993,legacy
DEPO-01074,215-1993-L,legacy
DEPO-01075,317-1513,legacy
DEPO-01075,317-1513-L,legacy
DEPO-01076,317-1513,legacy
DEPO-01076,317-1513-R,legacy
DEPO-01077,330-1504,legacy
DEPO-01077,330-1504-R,legacy
DEPO-01078,TAPABARRO HILUX SURF,legacy
DEPO-01078,TY11106,legacy
DEPO-01079,441-1177,legacy
DEPO-01079,FAROL VOLKSWAGEN OJO DE ÁNGEL,legacy
DEPO-01080,Guiñador pick up,legacy
DEPO-01080,215-1504-L,legacy
DEPO-01080,215-1504,legacy
DEPO-01081,215-1504-R,legacy
DEPO-01081,Guiñador PICK UP,legacy
DEPO-01081,215-1504,legacy
DEPO-01082,220-61871,legacy
DEPO-01082,220-61871-L,legacy
DEPO-01082,Stop BONGO,legacy
DEPO-01083,1188,legacy
DEPO-01083,1188-L,legacy
DEPO-01083,Farol NISSAN SUNNY b12,legacy
DEPO-01084,212-11AK-L,legacy
DEPO-01084,FAROL TOYOTA HILUX REVO,legacy
DEPO-01084,212-11AK,legacy
DEPO-01085,212-11AK-R,legacy
DEPO-01085,FAROL TOYOTA HILUX REVO,legacy
DEPO-01085,212-11AK,legacy
DEPO-01086,215-1543-L,legacy
DEPO-01086,215-1543,legacy
DEPO-01086,Guiñador Nissan patrol 87,legacy
DEPO-01087,215-1543,legacy
DEPO-01087,215-1543-R,legacy
DEPO-01087,Guiñador Nissan patrol 87,legacy
DEPO-01088,GUIÑADOR CHEVROLET COLORADO,legacy
DEPO-01088,333-1608,legacy
DEPO-01088,333-1608-L,legacy
DEPO-01089,GUIÑADOR CHEVROLET COLORADO,legacy
DEPO-01089,333-1608,legacy
DEPO-01089,333-1608-R,legacy
DEPO-01090,212-19F9-L,legacy
DEPO-01090,212-19F9,legacy
DEPO-01090,STOP HIACE LOBO TUNNIG,legacy
DEPO-01091,212-19F9-R,legacy
DEPO-01091,212-19F9,legacy
DEPO-01091,STOP HIACE LOBO TUNNIG,legacy
DEPO-01092,312-1549-L,legacy
DEPO-01092,312-1549,legacy
DEPO-01092,GUIÑADOR CELICA TOYOTA,legacy
DEPO-01093,312-1549,legacy
DEPO-01093,312-1549-R,legacy
DEPO-01093,GUIÑADOR CELICA TOYOTA,legacy
DEPO-01094,333-1636,legacy
DEPO-01094,333-1636-L,legacy
DEPO-01094,Guiñador jeep renegade,legacy
DEPO-01095,5283-L,legacy
DEPO-01095,5283,legacy
DEPO-01095,RETROVISOR DE CAPO TOYOTA HILUX SURF,legacy
DEPO-01096,314-1146,legacy
DEPO-01096,314-1146-L,legacy
DEPO-01097,Stop corolla 90,legacy
DEPO-01097,212-1989-L,legacy
DEPO-01097,212-1989,legacy
DEPO-01098,Stop corolla 90,legacy
DEPO-01098,212-1989-R,legacy
DEPO-01098,212-1989,legacy
DEPO-01099,44-3,legacy
DEPO-01099,Farol Toyota ipsum,legacy
DEPO-01099,44-3-R,legacy
DEPO-01100,21-16,legacy
DEPO-01100,21-16-R,legacy
DEPO-01100,FAROL TOYORA. ALDINA ORIGINAL,legacy
DEPO-01101,551-19AJ,legacy
DEPO-01101,551-19AJ-R,legacy
DEPO-01101,STOP RENAULT KIWID,legacy
DEPO-01102,215-1562-L,legacy
DEPO-01102,MEDIA LUZ NISSAN SUNNY 90,legacy
DEPO-01102,215-1562,legacy
DEPO-01103,Farol lancer 89,legacy
DEPO-01103,214-1112-L,legacy
DEPO-01103,214-1112,legacy
DEPO-01104,215-1614-L,legacy
DEPO-01104,215-1614,legacy
DEPO-01104,Guiñador Nissan parachoques mini datsun,legacy
DEPO-01105,215-1614,legacy
DEPO-01105,Guiñador Nissan parachoques mini datsun,legacy
DEPO-01105,215-1614-R,legacy
DEPO-01106,215-1562,legacy
DEPO-01106,MEDIA LUZ NISSAN SUNNY 90,legacy
DEPO-01106,215-1562-R,legacy
DEPO-01107,Media luz montero 92,legacy
DEPO-01107,214-1531,legacy
DEPO-01107,214-1531-R,legacy
DEPO-01108,331-1524,legacy
DEPO-01108,331-1524-L,legacy
DEPO-01108,Guiñador Ford Explorer 99,legacy
DEPO-01109,331-1524-R,legacy
DEPO-01109,331-1524,legacy
DEPO-01109,Guiñador Ford Explorer 99,legacy
DEPO-01110,212-15D8,legacy
DEPO-01110,MEDIA LUZ COROLLA 92 CRISTALIZADO,legacy
DEPO-01110,212-15D8-L,legacy
DEPO-01111,212-15D8-R,legacy
DEPO-01111,MEDIA LUZ COROLLA 92 CRISTALIZADO,legacy
DEPO-01111,212-15D8,legacy
DEPO-01112,212-1580-L,legacy
DEPO-01112,MEDIA LUZ TOYOTA CALDINA,legacy
DEPO-01112,212-1580,legacy
DEPO-01113,212-1580-R,legacy
DEPO-01113,212-1580,legacy
DEPO-01113,MEDIA LUZ TOYOTA CALDINA,legacy
DEPO-01114,SUZUKI NEW VITARA ALÓGENO,legacy
DEPO-01114,218-1610,legacy
DEPO-01114,218-1610-L,legacy
DEPO-01115,218-1610-R,legacy
DEPO-01115,SUZUKI NEW VITARA ALÓGENO,legacy
DEPO-01115,218-1610,legacy
DEPO-01116,Espejo COROLLA 92 NEGRO R/L Retrovisor MAMUT Unidad CARIB SPRINTER,legacy
DEPO-01116,222111-L,legacy
DEPO-01116,222111,legacy
DEPO-01117,222110-R,legacy
DEPO-01117,222110,legacy
DEPO-01118,44-26,legacy
DEPO-01118,Guiñador Toyota ipsum,legacy
DEPO-01118,44-26-L,legacy
DEPO-01119,44-26-R,legacy
DEPO-01119,44-26,legacy
DEPO-01119,Guiñador Toyota ipsum,legacy
