;CODIGO;D E T A L L E ;Recuento;;;;;;
1182;SAE-40;Aceite PARA MOTOR;0;;;;;;
;F-A-IMPREZA-R;ALERON CELICA;1;;;;;;
;211-19B2-L;Alogeno BONGO ;0;;;FAROLES  ;;Aceite PARA MOTOR;0
;212-1105-L;Alogeno BONGO ;0;;;STOP;;ALERON CELICA;1
;214-1110-R;Alogeno Busca Huella COROLLA Mod.98~99~2000 ~;1;;;GUIÑADORES;;Alogeno BONGO ;0
;214-1112-L;Alogeno Busca Huella COROLLA Mod.98~99~2000 ~;1;;;JAPONES ;;Alogeno Busca Huella COROLLA Mod.98~99~2000 ~;2
;213-1926-R;Alogeno Busca Huella H3 LAND CRUISSER FJ75 Mod.85~2002 Amarillo;2;;;FIBRAS;;Alogeno Busca Huella H3 LAND CRUISSER FJ75 Mod.85~2002 Amarillo;2
478;12-197-R;Alogeno FORESTER;0;;;YOITOKI;;Alogeno FORESTER;0
446;210-63317-R;Alogeno FORESTER;0;;;;;Alogeno FORESTER AMARILLO;0
;210-87074-R;Alogeno FORESTER AMARILLO;0;;;;;Alogeno JUNIOR;0
238;847P-R;Alogeno JUNIOR;0;;;;;Alogeno LEVIN 97;0
1189;870005-G;Alogeno JUNIOR;0;;;;;Alogeno SUZUKI  VITARA ;2
;1569-L;Alogeno LEVIN 97;0;;;;;Alogeno SWIFT;0
794;16-115-L;Alogeno LEVIN 97;0;;;;;Alogeno SWIFT 907-38600;0
780;20-199-L;Alogeno SUZUKI  VITARA ;1;;;;;Alogeno VARIOS;0
781;20-199-R;Alogeno SUZUKI  VITARA ;1;;;;;AMORT/DEL (RH ) TOY COROLLA  AE101/CE100 YOITOKI;1
712;4022-R;Alogeno SWIFT;0;;;;;AMORT/DEL NISSAN CARAVAN E25 CHANCHO;0
711;4022-L;Alogeno SWIFT 907-38600;0;;;;;AMORT/DEL TOYOTA HILUX 2008-2010 DEL VIGO  YOITOKI;2
1153;ALICMD-002;Alogeno VARIOS;0;;;;;AMORT/TRAS KEYTON YOITOKI;1
142;870025-G;AMORT/DEL (RH ) TOY COROLLA  AE101/CE100 YOITOKI;1;;;;;AMORT/TRAS(R/L) SUZUKI GRAND VITARA/ESCUDO/SE416/SV420/SV620/X-90 ´96;3
;870104-G;AMORT/DEL NISSAN CARAVAN E25 CHANCHO;0;;;;;AMORTIGUADOR APV;2
186;010467-L;AMORT/DEL TOYOTA HILUX 2008-2010 DEL VIGO  YOITOKI;2;;;;;Amortiguador CARRY TRASERO;0
1165;860018;AMORT/TRAS KEYTON YOITOKI;1;;;;;AMORTIGUADOR CHARIOT ;1
1186;870089-G;AMORT/TRAS(R/L) SUZUKI GRAND VITARA/ESCUDO/SE416/SV420/SV620/X-90 ´96;3;;;;;amortiguador corolla trasero;1
34;870100-G;AMORTIGUADOR APV;2;;;;;Amortiguador COROLLA TRASERO L;1
1007;223604;Amortiguador CARRY TRASERO;0;;;;;Amortiguador DE CALDINA RTRASERO A MUELLE;0
36;870106-G;AMORTIGUADOR CHARIOT ;1;;;;;Amortiguador DE CARRY ;1
;00-218-1905-R;amortiguador corolla trasero;1;;;;;Amortiguador DE COROLLA TRASERO 90 º;0
;00-218-1905-L;Amortiguador COROLLA TRASERO L;1;;;;;Amortiguador DE PATHINDER TERRANO TRASERO 56210-0W001;0
1188;870033-G;Amortiguador DE CALDINA RTRASERO A MUELLE;0;;;;;Amortiguador DE Puerta PARES;0
145;870118-G;Amortiguador DE CARRY ;1;;;;;Amortiguador DE Puerta SUELTOS;0
1145;870096-G;Amortiguador DE COROLLA TRASERO 90 º;0;;;;;Amortiguador DELANTERO APV;1
143;870086-G;Amortiguador DE PATHINDER TERRANO TRASERO 56210-0W001;0;;;;;Amortiguador DELANTERO HILUX 90STAU SD-2007;1
;B-SCOOTER;Amortiguador DE Puerta PARES;0;;;;;Amortiguador DELANTERO L VITARA ESCUDO ;1
;B38-C-L;Amortiguador DE Puerta SUELTOS;0;;;;;Amortiguador DELANTERO LEVIN TRUENO L;0
144;87009-O;Amortiguador DELANTERO APV;1;;;;;Amortiguador DELANTERO LEVIN TRUENO R;0
1054;DS07050GA-U;Amortiguador DELANTERO HILUX 90STAU SD-2007;1;;;;;Amortiguador DELANTERO PROBOX (L);0
31;870060-G;Amortiguador DELANTERO L VITARA ESCUDO ;1;;;;;Amortiguador Delantero R-L NOAH LITEACE 97-02 GAS;2
;001-6840-R;Amortiguador DELANTERO LEVIN TRUENO L;0;;;;;Amortiguador DELNTERO CARRY ;0
;001-6840-L;Amortiguador DELANTERO LEVIN TRUENO R;0;;;;;AMORTIGUADOR duster;1
253;0043-R;Amortiguador DELANTERO PROBOX (L);0;;;;;Amortiguador HIACE ;1
;87005-G;Amortiguador Delantero R-L NOAH LITEACE 97-02 GAS;2;;;;;Amortiguador HIACE TRSERO;0
;870107-O;Amortiguador DELNTERO CARRY ;0;;;;;Amortiguador HIALUX VIGO DELANTERO SHIBUMI;0
1185;850032;AMORTIGUADOR duster;1;;;;;Amortiguador HONDA EG TRASERO;0
1130;870026-G;Amortiguador HIACE ;1;;;;;Amortiguador IPSUM 2004 TRASERO;0
1013;870013-G;Amortiguador HIACE TRSERO;0;;;;;Amortiguador IZUSU TROPER DELANTERO SHIBUMI;4
1088;850027;Amortiguador HIALUX VIGO DELANTERO SHIBUMI;0;;;;;Amortiguador LAND CRUISER ;1
1135;870077-G;Amortiguador HONDA EG TRASERO;0;;;;;Amortiguador MONTERO DELANTERO 02;4
447;9206-L;Amortiguador IPSUM 2004 TRASERO;0;;;;;Amortiguador MONTERO TRASER 98;0
1099;122472;Amortiguador IZUSU TROPER DELANTERO SHIBUMI;4;;;;;AMORTIGUADOR PROBOX;0
1144;870047-G;Amortiguador LAND CRUISER ;1;;;;;Amortiguador PROBOX 4WD 1NZ 4X4 RH;0
1180;870068-G;Amortiguador MONTERO DELANTERO 02;4;;;;;Amortiguador PROBOX NOAH TRASERO;1
;870052-O;Amortiguador MONTERO TRASER 98;0;;;;;Amortiguador RAV4 DELANTERO ;1
1137;870058-G;Amortiguador MONTERO TRASER 98;0;;;;;Amortiguador SUZUKI ALTO;0
252;0043-L;AMORTIGUADOR PROBOX;0;;;;;Amortiguador SUZUKI SWIFT L;1
208;010131-R;Amortiguador PROBOX 4WD 1NZ 4X4 RH;0;;;;;Amortiguador SUZUKI SWIFT R;1
;87006-G;Amortiguador PROBOX NOAH TRASERO;1;;;;;Amortiguador SUZUKI VITRA R;0
;870082-G;Amortiguador RAV4 DELANTERO ;1;;;;;Amortiguador TOWN ACE NOAH DELANTERO;1
188;010466-L;Amortiguador SUZUKI ALTO;0;;;;;Amortiguador TOYOTA DELANTERO HIACE;0
1010;A-VAR;Amortiguador SUZUKI SWIFT L;1;;;;;Amortiguador TOYOTA STARLET;1
;A-244;Amortiguador SUZUKI SWIFT R;1;;;;;Amortiguador TRASERO CALDINA 4X4 TURING ®;0
33;870065-G;Amortiguador SUZUKI VITRA R;0;;;;;Amortiguador TRASERO CALDINA 4X4 TURING L{;0
1169;870051-G;Amortiguador TOWN ACE NOAH DELANTERO;1;;;;;Amortiguador TRASERO CALDINA ESPIRAL (L);1
;87009-G;Amortiguador TOYOTA DELANTERO HIACE;0;;;;;Amortiguador TRASERO DE COROLLA A GAS;0
1129;400001;Amortiguador TOYOTA STARLET;1;;;;;Amortiguador TRASERO HIACE 2001-2005 OREJA GRANDE;6
1147;870007-G;Amortiguador TRASERO CALDINA 4X4 TURING ®;0;;;;;Amortiguador TRASERO MITSUBISHI CHARIOT RVR;1
1170;870007-O;Amortiguador TRASERO CALDINA 4X4 TURING L{;0;;;;;Amortiguador TRASERO STARLET EP82;0
1143;870047-O;Amortiguador TRASERO CALDINA ESPIRAL (L);1;;;;;Amortiguador Trasero TOY COROLLA RH AE101-CE100 GAS YOITOKI;0
;870017-G;Amortiguador TRASERO DE COROLLA A GAS;0;;;;;Amortiguador Trasero TOY DIESEL/GASOLINA COR/VAG TOKICO GAS;8
1187;870103-G;Amortiguador TRASERO HIACE 2001-2005 OREJA GRANDE;6;;;;;Amortiguador Trasero TOY DIESEL/GASOLINA COR/VAG TOKICO OIL;0
35;870105-G;Amortiguador TRASERO MITSUBISHI CHARIOT RVR;1;;;;;AMORTIGUADOR UNIVERSAL;1
1134;341372;Amortiguador TRASERO STARLET EP82;0;;;;;Amortiguador URVAN CHANCHO E25 DELANTERO;0
141;870021-G;Amortiguador Trasero TOY COROLLA RH AE101-CE100 GAS YOITOKI;0;;;;;Anticongelante SUPER KOTE COLOR AMARILLO;0
139;870008-G;Amortiguador Trasero TOY DIESEL/GASOLINA COR/VAG TOKICO GAS;8;;;;;Anticongelante SUPER KOTE COLOR VERDE;0
140;870009-G;Amortiguador Trasero TOY DIESEL/GASOLINA COR/VAG TOKICO OIL;0;;;;;Aro SUBARU DORADO;0
1154;123229;AMORTIGUADOR UNIVERSAL;1;;;;;ASIENTO SCOOTER ELECTRICO ;0
185;8102-R;Amortiguador URVAN CHANCHO E25 DELANTERO;0;;;;;Aspa IPSUM 96~97~98~99~2000 VENTILADOR COMPLETO 36,5cmX35,4cm;0
1192;SK-A;Anticongelante SUPER KOTE COLOR AMARILLO;0;;;;;BICEL MITSUBISHI MONTERO 90 ;0
1191;SK-V;Anticongelante SUPER KOTE COLOR VERDE;0;;;;;Bisel COROLLA 90;0
787;20-179-R;Aro SUBARU DORADO;0;;;;;Bisel COROLLA KE70 84 212-1231;0
;SCOOTER-A;ASIENTO SCOOTER ELECTRICO ;0;;;;;Bisel COROLLA KE70 84 CON FRANJA BLANCA 212-1227;0
942;GPC-1001;Aspa IPSUM 96~97~98~99~2000 VENTILADOR COMPLETO 36,5cmX35,4cm;0;;;;;Bisel CORONA CON Media luz 212-1535;0
;214-1531-R;BICEL MITSUBISHI MONTERO 90 ;0;;;;;Bisel CUSTOM 90 CROMADO;0
882;53140-95J07-R;Bisel COROLLA 90;0;;;;;Bisel CUSTOM 90 PLOMO completo;2
;1517-L;Bisel COROLLA KE70 84 212-1231;0;;;;;Bisel DE Farol CALDINA GT ;0
998;1469-R;Bisel COROLLA KE70 84 CON FRANJA BLANCA 212-1227;0;;;;;Bisel DE Mascara JUNIOR;0
407;210-37779-L;Bisel CORONA CON Media luz 212-1535;0;;;;;Bisel DE Stop SUBARU IMPREZA;0
314;542833-R;Bisel CUSTOM 90 CROMADO;0;;;;;Bisel HIACE  Mod,85~88 Foco CUADRADO 212-1221;0
883;53140-95J08-R;Bisel CUSTOM 90 PLOMO completo;1;;;;;Bisel NISSAN AD ;0
220;5419-R;Bisel CUSTOM 90 PLOMO completo;1;;;;;Bisel NISSAN URVAN;0
974;BM-JUNIOR;Bisel DE Farol CALDINA GT ;0;;;;;BISEL SUBARU DOMINGO RASPADILLO ( FIBRA ) ;2
972;BS-IMPREZA-L;Bisel DE Farol CALDINA GT ;0;;;;;BISEL SUBARU DOMINGO RASPADILLO (FIBRA ) ;2
973;BS-IMPREZA-R;Bisel DE Mascara JUNIOR;0;;;;;BISEL SUBARU DOMINGO RASPADILLO JAPONÉS  ;0
;BU-SURF-F-L;Bisel DE Stop SUBARU IMPREZA;0;;;;;Bisel SUNNY 310;0
164;BU-SURF-F-R;Bisel DE Stop SUBARU IMPREZA;0;;;;;Bisel Y Media luz 212-1203 F-KE 1972;0
882;53140-95J07-L;Bisel HIACE  Mod,85~88 Foco CUADRADO 212-1221;0;;;;;BOCINA SCOOTER;0
1050;74081-EX0100-L;Bisel NISSAN AD ;0;;;;;BONBA DE AGUA STARLET EP71;1
753;7409-L;Bisel NISSAN AD ;0;;;;;Brazo de cremallera HIDRAULICO IPSUM (Hilo fino x 1.5 ext.)16X14X1,5;0
562;63330-K74151-R;Bisel NISSAN URVAN;0;;;;;Brazo de cremallera HIDRAULICO YOITOKI            UNIVERSAL  14X16 ;6
;VI-S-DOM-89-F-L;BISEL SUBARU DOMINGO RASPADILLO ( FIBRA ) ;2;;;;;Brazo de cremallera TOYOTA LARGO  YOITOKI   Mecanico        14X14;2
;VI-S-DOM-89-F-R;BISEL SUBARU DOMINGO RASPADILLO (FIBRA ) ;2;;;;;Brazo de cremallera TOYOTA/NISSAN LARGO YOITOKI Mecanico 14X15;0
;VI-S-DOM-89J-F-L;BISEL SUBARU DOMINGO RASPADILLO JAPONÉS  ;0;;;;;Buchera de fibra Hilux Surf ;0
;VI-S-DOM-89J-F-R;BISEL SUBARU DOMINGO RASPADILLO JAPONÉS  ;0;;;;;Buchera HILUX SURF 96 FIBRA;2
754;7409-R;Bisel SUNNY 310;0;;;;;Buje de tijeral caldina;1
479;12-324-L;Bisel Y Media luz 212-1203 F-KE 1972;0;;;;;Caliper STI MORDAZA;0
958;B38-L;BOCINA SCOOTER;0;;;;;CANDADO DE MOTO / SCOOTER ELÉCTRICO ;0
;371073;BONBA DE AGUA STARLET EP71;1;;;;;cantonera  rav4;1
;860058;Brazo de cremallera HIDRAULICO IPSUM (Hilo fino x 1.5 ext.)16X14X1,5;0;;;;;Cantonera JEEP CHEROKEE COMANCHE 84~85~86~87~96~;2
1148;860057;Brazo de cremallera HIDRAULICO YOITOKI            UNIVERSAL  14X16 ;6;;;;;Cantonera METALICA DE SUBARU DOMINGO ;0
;860051;Brazo de cremallera TOYOTA LARGO  YOITOKI   Mecanico        14X14;2;;;;;CAPOT IPSUM ;0
1150;860144;Brazo de cremallera TOYOTA/NISSAN LARGO YOITOKI Mecanico 14X15;0;;;;;Capota FORESTER 97;0
1102;C-3024001;Buchera de fibra Hilux Surf ;0;;;;;Capota HONDA CIVIC EG;0
1100;C-3024004;Buchera HILUX SURF 96 FIBRA;2;;;;;Capota MITSUBISHI EVOLUTION 4;0
840;4886-L;Buje de tijeral caldina;1;;;;;Capota SUZUKI CULTUS;0
1093;CH-216010;Caliper STI MORDAZA;0;;;;;Capota SUZUKI VITARA 97 ESCUDO ;0
;FS8305;CANDADO DE MOTO / SCOOTER ELÉCTRICO ;0;;;;;Capota TOYOTA HILUX SURF ;0
;PT-RAV-99-R;cantonera  rav4;1;;;;;Capuchón CON TOPE DE Amortiguador;0
453;3336-L;Cantonera JEEP CHEROKEE COMANCHE 84~85~86~87~96~;1;;;;;Capuchón de cremallera HIDRAULICO CORTO MAMUT;0
453;3336-R;Cantonera JEEP CHEROKEE COMANCHE 84~85~86~87~96~;1;;;;;Capuchón de JUNTA CE90/AE90 MAMUT;0
174;GF-DOMINGO-L;Cantonera METALICA DE SUBARU DOMINGO ;0;;;;;Capuchón de JUNTA CE90/AE90 MAMUT ;0
175;GF-DOMINGO-R;Cantonera METALICA DE SUBARU DOMINGO ;0;;;;;Capuchón de TRICETA Toyota AE90~CE90 MAMUT;1
;220636;CAPOT IPSUM ;0;;;;;Chisguete DE PARCHOQUE MONTERO ;0
178;C-SURF-96;Capota FORESTER 97;0;;;;;Cola DE PATO IMPREZA2004 FIBRA AZUL;1
171;C-EVO4;Capota HONDA CIVIC EG;0;;;;;COLA DE PATO MITSUBISHI GRANDIS ;0
;C-SUB-M;Capota MITSUBISHI EVOLUTION 4;0;;;;;Cola DE PATO RAV 4 98 FIBRA;1
170;C-FORESTER-97;Capota SUZUKI CULTUS;0;;;;;Cola DE PATO RAV 4 98 ORIGINAL ;0
1084;CAT-300;Capota SUZUKI VITARA 97 ESCUDO ;0;;;;;COLA DE PATO SUBARU DOMINGO ;0
177;C-VITARA-97;Capota TOYOTA HILUX SURF ;0;;;;;Cola DE PATO SUBARU FORESTER 2000  Cola LARGO;1
1090;CH-216028;Capuchón CON TOPE DE Amortiguador;0;;;;;Cola DE PATO SUBARU FORESTER 2000 Fibra vidrio Cola CORTA;1
7;860012;Capuchón de cremallera HIDRAULICO CORTO MAMUT;0;;;;;Cola DE PATO SUBARU FORESTER 2000 JAPONÉS ;0
;850036;Capuchón de JUNTA CE90/AE90 MAMUT;0;;;;;Cola DE PATO SUBARU FORESTER 97;0
;850080;Capuchón de JUNTA CE90/AE90 MAMUT ;0;;;;;COLA DE PATO SUZUKI SWIFT 2012-2013;0
;860009;Capuchón de TRICETA Toyota AE90~CE90 MAMUT;1;;;;;COLA DE PATO SUZUKI SWIFT 2016-2017;0
902;CON-VAR;Chisguete DE PARCHOQUE MONTERO ;0;;;;;Consola CENTRAL;0
1081;CP-RAV4;Cola DE PATO IMPREZA2004 FIBRA AZUL;1;;;;;CONSOLA CENTRAL SUBARU FORESTER carbono;0
1081;CP-RAV4-F;COLA DE PATO MITSUBISHI GRANDIS ;0;;;;;CONSOLA CENTRAL SUBARU FORESTER fibra;0
;CP-SWIFT-13;Cola DE PATO RAV 4 98 FIBRA;1;;;;;Consola de Radio CARIB Café;0
;CP-SUB-FOR-OEM;Cola DE PATO RAV 4 98 ORIGINAL ;0;;;;;COROLLA 2 88;1
;CP-FORESTER-00-L;COLA DE PATO SUBARU DOMINGO ;0;;;;;COROLLA 90 MAMMUT ;2
1081;CP-IMPREZA-F;Cola DE PATO SUBARU FORESTER 2000  Cola LARGO;1;;;;;Cruceta de dirección Completa TOYOTA  AE 90  ( CARDAN ) YOI-273;0
1082;CP-FORESTER97;Cola DE PATO SUBARU FORESTER 2000 Fibra vidrio Cola CORTA;1;;;;;Cruceta de dirección Completa TOYOTA TURING HIDRAULICO CORTO YOI-265;0
;CP-SWIFT-17;Cola DE PATO SUBARU FORESTER 2000 JAPONÉS ;0;;;;;Cruceta de dirección Completa YOI-272 UNIVERSAL;0
;CP-MIT-GRANDIS;Cola DE PATO SUBARU FORESTER 97;0;;;;;CRUCETA suelta;4
908;CPU-1F;COLA DE PATO SUZUKI SWIFT 2012-2013;0;;;;;DISCO DE EMBREAGUE EXEDY SUZUKI APV;0
897;CPU-3S-G  ;COLA DE PATO SUZUKI SWIFT 2016-2017;0;;;;;Disco Subaru DOMINGO;0
1082;CP-FORESTER-00-F;Consola CENTRAL;0;;;;;ECU SUBARU;0
;T-SF5-C;CONSOLA CENTRAL SUBARU FORESTER carbono;0;;;;;ECU TOYOTA 3SG;0
;T-SF5-F;CONSOLA CENTRAL SUBARU FORESTER fibra;0;;;;;ELSEJO B13;0
;CP-DOMINGO ;Consola de Radio CARIB Café;0;;;;;Embellecedor CALDINA GT;0
159;19027-R;COROLLA 2 88;1;;;;;Embellecedor CALDINA TURING ;0
274;2277-L;COROLLA 90 MAMMUT ;2;;;;;Embellecedor CORONA 88-89;0
;400300;Cruceta de dirección Completa TOYOTA  AE 90  ( CARDAN ) YOI-273;0;;;;;EMBELLECEDOR DE MALETERO MITSUBISHI LANCER EVO 6;0
1085;400002;Cruceta de dirección Completa TOYOTA TURING HIDRAULICO CORTO YOI-265;0;;;;;Embellecedor FORESTER CARBONO ;0
1087;400200;Cruceta de dirección Completa YOI-272 UNIVERSAL;0;;;;;Embellecedor FORESTER FIBRA;0
;TO-514-0;CRUCETA suelta;4;;;;;Embellecedor MITSUBISHI EVOLUCION LANCER 1,2,3;0
;MBD-005U;DISCO DE EMBREAGUE EXEDY SUZUKI APV;0;;;;;Embellecedor MITSUBISHI EVOLUCION LANCER1,2,3;0
1205;FJD005U;Disco Subaru DOMINGO;0;;;;;Espejo  COROLLA AE 100 6 PINES;2
907;CPU-4W;ECU SUBARU;0;;;;;Espejo ATRAIL CROMADO ;0
;DG07049GA;ECU SUBARU;0;;;;;ESPEJO B13;0
1198;DF12001;ECU TOYOTA 3SG;0;;;;;Espejo CAMRY;0
;YY213M-R;ELSEJO B13;0;;;;;Espejo CEDRICK Y31/Y30   87/89;0
;215-1528-A-L;Embellecedor CALDINA GT;0;;;;;Espejo CHANCHO ;0
;215-1528-A-R;Embellecedor CALDINA GT;0;;;;;Espejo CHAPULIN HUEVO ;0
;211-1909-R;Embellecedor CALDINA TURING ;0;;;;;Espejo CHARIOT RVR;1
776;20-334-L;Embellecedor CORONA 88-89;0;;;;;Espejo COROLLA 92 NEGRO R/L Retrovisor MAMUT Unidad CARIB SPRINTER;0
777;20-334-R;Embellecedor CORONA 88-89;0;;;;;Espejo CRESSIDA ;0
;TD-30-L;EMBELLECEDOR DE MALETERO MITSUBISHI LANCER EVO 6;0;;;;;Espejo DATAUN ATRAIL NEGRO ;2
;TD-30-R;EMBELLECEDOR DE MALETERO MITSUBISHI LANCER EVO 6;0;;;;;Espejo DE MALETERO UNIVERSAL VARIOS CON BRAZO;0
;ESP-PROBOX;Embellecedor FORESTER CARBONO ;0;;;;;Espejo HIACE 96;1
;F-A-CELICA;Embellecedor FORESTER FIBRA;0;;;;;Espejo HIACE 96 LOBO CHINO;0
760;12-263-L;Embellecedor MITSUBISHI EVOLUCION LANCER 1,2,3;0;;;;;Espejo hiace 99;1
793;12-259-R;Embellecedor MITSUBISHI EVOLUCION LANCER1,2,3;0;;;;;Espejo HILUX MILENIUM LN145. 98-99-2000 TYM1089BL;1
1063;5726-L;Espejo  COROLLA AE 100 6 PINES;1;;;;;Espejo HILUX VIGO Mod.2004-05-06-07-08-09-10-2011;1
265;5770-L;Espejo  COROLLA AE 100 6 PINES;1;;;;;Espejo HONDA  VARIOS ;0
1024;043-1212-L;Espejo ATRAIL CROMADO ;0;;;;;Espejo HONDA ACCORD 96 ELECTRICO;0
1025;043-1212-R;Espejo ATRAIL CROMADO ;0;;;;;Espejo HONDA ACCORD ELECTRICO;0
;YY213M-L;ESPEJO B13;0;;;;;Espejo HONDA EG ELECTRICO 3 PINES;0
968;547483-L;Espejo CAMRY;0;;;;;Espejo HONDA EG ELEVTRICO ;0
257;8109-L;Espejo CEDRICK Y31/Y30   87/89;0;;;;;Espejo HONDA EG ELEVTRICO 7 PINES;0
258;8109-R;Espejo CEDRICK Y31/Y30   87/89;0;;;;;Espejo HONDA EG MANUAL;0
239;P38-L;Espejo CHANCHO ;0;;;;;Espejo HONDA EK 95 /2 PuertaS ELECTRICO 3 PINES;0
;30502-AA051;Espejo CHAPULIN HUEVO ;0;;;;;Espejo Honda Prelude 87-92 ;0
981;3095-L;Espejo CHAPULIN HUEVO ;0;;;;;Espejo Honda varios ;0
240;3965-L;Espejo CHARIOT RVR;1;;;;;Espejo LAND CRUISER FJ75 Mod.85-2000 Negro Manual;1
;231-1912-L;Espejo COROLLA 92 NEGRO R/L Retrovisor MAMUT Unidad CARIB SPRINTER;0;;;;;Espejo LEVIN 95 ELECTRICO ;0
;231-1942-L;Espejo COROLLA 92 NEGRO R/L Retrovisor MAMUT Unidad CARIB SPRINTER;0;;;;;Espejo LEVIN AE101;0
374;20-145-L;Espejo CRESSIDA ;0;;;;;Espejo MISTUBISHI MONTERO NEGRO ;0
656;043-1150-R;Espejo DATAUN ATRAIL NEGRO ;2;;;;;Espejo MITSIBISHI JUNIOR ;2
330;E-VAR-R;Espejo DE MALETERO UNIVERSAL VARIOS CON BRAZO;0;;;;;Espejo MITSUBISH GRANDDIS CROMADO ;2
301;3369-L;Espejo HIACE 96;1;;;;;Espejo MITSUBISHI CHALLENGER ;1
302;3369-R;Espejo HIACE 96 LOBO CHINO;0;;;;;Espejo MITSUBISHI EVO 9 ;0
;R-DET-L;Espejo hiace 99;1;;;;;Espejo MITSUBISHI IO;0
;YT7038C-L;Espejo HILUX MILENIUM LN145. 98-99-2000 TYM1089BL;1;;;;;Espejo MITSUBISHI LANCER 92;0
;YT8022BE-L;Espejo HILUX VIGO Mod.2004-05-06-07-08-09-10-2011;1;;;;;Espejo MITSUBISHI LANCER 99;0
329;E-VAR-L;Espejo HONDA  VARIOS ;0;;;;;Espejo MITSUBISHI MONTERO CROMADO ELECTRICO YT7230;0
1120;28-77-L;Espejo HONDA ACCORD 96 ELECTRICO;0;;;;;Espejo MITSUBISHI Montero Negro ELECTRICO ;1
1121;28-77-R;Espejo HONDA ACCORD 96 ELECTRICO;0;;;;;Espejo NISSAN AD 2002-2006 BY11 NEGRO 215-15A3;0
1019;20-207-L;Espejo HONDA ACCORD ELECTRICO;0;;;;;Espejo NISSAN AVENIR;0
1034;12-150-L;Espejo HONDA EG ELECTRICO 3 PINES;0;;;;;Espejo NISSAN B14 ELECTRICO;0
651;043-1262-L;Espejo HONDA EG ELEVTRICO ;0;;;;;Espejo Nissan b14 Largo Eléctrico 3 pines  ;2
652;043-1262-R;Espejo HONDA EG ELEVTRICO 7 PINES;0;;;;;Espejo NISSAN B14 MANUAL;1
790;12-104-L;Espejo HONDA EG MANUAL;0;;;;;Espejo NISSAN B15 PLOMO PATA LARGA;2
1032;12-127-L;Espejo HONDA EG MANUAL;0;;;;;Espejo NISSAN BLUEBIRTH 91-95;0
;5283-L;Espejo HONDA EK 95 /2 PuertaS ELECTRICO 3 PINES;0;;;;;Espejo NISSAN BONGO;0
101;221-1159-L;Espejo Honda Prelude 87-92 ;0;;;;;Espejo NISSAN CHAPULIN;0
102;221-1159-R;Espejo Honda Prelude 87-92 ;0;;;;;Espejo NISSAN CUSTOM ;1
;1602-R;Espejo Honda varios ;0;;;;;Espejo Nissan e25 brazo cromado ;0
;TH1950B-L;Espejo LAND CRUISER FJ75 Mod.85-2000 Negro Manual;0;;;;;Espejo NISSAN LARGO 97 ;0
;TH1950B-R;Espejo LAND CRUISER FJ75 Mod.85-2000 Negro Manual;1;;;;;Espejo NISSAN MARCH 2004;1
969;547483-R;Espejo LEVIN 95 ELECTRICO ;0;;;;;Espejo NISSAN MARCH 2004 ;1
317;5480-L;Espejo LEVIN AE101;0;;;;;Espejo NISSAN MARCH K11 ELECTRICO;0
;5483-2-R;Espejo LEVIN AE101;0;;;;;Espejo NISSAN MARCH K11 MANUAL;0
;3686-N-R;Espejo MISTUBISHI MONTERO NEGRO ;0;;;;;Espejo NISSAN PRESSEA 97;0
216;3719-L;Espejo MISTUBISHI MONTERO NEGRO ;0;;;;;Espejo NISSAN PULSAR 95 /BLUBIRD;0
221;MR155318-L;Espejo MITSIBISHI JUNIOR ;1;;;;;Espejo Nissan Pulsar eléctrico 3 pines ;0
221;MR155318-R;Espejo MITSIBISHI JUNIOR ;1;;;;;Espejo NISSAN SERENA ;0
;212-1142-R;Espejo MITSUBISH GRANDDIS CROMADO ;1;;;;;Espejo NISSAN SKYLINE R33;0
;212-1151-L;Espejo MITSUBISH GRANDDIS CROMADO ;1;;;;;Espejo NISSAN SUNNY B12;1
;4675-2-R;Espejo MITSUBISHI CHALLENGER ;1;;;;;Espejo NISSAN URBAN E23;0
207;K317-R;Espejo MITSUBISHI EVO 9 ;0;;;;;Espejo PROBOX 98 BASE GRANDE;2
655;043-1150-L;Espejo MITSUBISHI IO;0;;;;;Espejo RAV4 96;2
673;043-1550-L;Espejo MITSUBISHI LANCER 92;0;;;;;Espejo REDONDO UNIVERSAL PEQUEÑO;0
674;043-1550-R;Espejo MITSUBISHI LANCER 92;0;;;;;Espejo RESTROVISOR TOYOTA HIACE 2008 BRAZO;0
315;542834-L;Espejo MITSUBISHI LANCER 99;0;;;;;Espejo RETROVISOR HILUX SURF 99;1
213;3686-L;Espejo MITSUBISHI MONTERO CROMADO ELECTRICO YT7230;0;;;;;Espejo RETROVISOR NISSAN AD 90;1
;3686-N-L;Espejo MITSUBISHI MONTERO CROMADO ELECTRICO YT7230;0;;;;;Espejo STARLET;1
214;3686-R;Espejo MITSUBISHI Montero Negro ELECTRICO ;1;;;;;Espejo SUBARU DOMINGO;1
281;3710-L;Espejo MITSUBISHI Montero Negro ELECTRICO ;0;;;;;Espejo Subaru Impreza ;0
501;10-64-R;Espejo NISSAN AD 2002-2006 BY11 NEGRO 215-15A3;0;;;;;Espejo SUBARU IMPREZA 2000;0
382;10-66-L;Espejo NISSAN AD 2002-2006 BY11 NEGRO 215-15A3;0;;;;;Espejo SUBARU IMPREZA 2001;0
;33-07107-R;Espejo NISSAN AVENIR;0;;;;;Espejo SUNNY SENTRA B13 Manual Mod. 91- 94 LH;2
828;33-07803-L;Espejo NISSAN AVENIR;0;;;;;ESPEJO SUZUKI ALTO 2011;2
231;4675-L;Espejo NISSAN B14 ELECTRICO;0;;;;;Espejo suzuki swift sport 2017LED;2
232;4675-R;Espejo NISSAN B14 ELECTRICO;0;;;;;Espejo TOWN ACE MOD 87 212-1568;0
229;4675-E-L;Espejo Nissan b14 Largo Eléctrico 3 pines  ;1;;;;;Espejo TOYOTA CALDINA GT;2
230;4675-E-R;Espejo Nissan b14 Largo Eléctrico 3 pines  ;1;;;;;Espejo TOYOTA CAMRY 1992;0
273;4696-R;Espejo NISSAN B14 MANUAL;1;;;;;Espejo TOYOTA CAMRY 88;0
;47-212-1142-L-K;Espejo NISSAN B14 MANUAL;0;;;;;Espejo Toyota Camry 92 ;1
500;10-64-L;Espejo NISSAN B15 PLOMO PATA LARGA;1;;;;;Espejo TOYOTA CELICA 90;0
383;10-66-R;Espejo NISSAN B15 PLOMO PATA LARGA;1;;;;;Espejo TOYOTA CELICA 98;0
321;8278-L;Espejo NISSAN BLUEBIRTH 91-95;0;;;;;Espejo TOYOTA COROLLA 90 MANUAL;1
1190;870006-G;Espejo NISSAN BONGO;0;;;;;Espejo TOYOTA COROLLA FX;0
224;N36-L;Espejo NISSAN CHAPULIN;0;;;;;Espejo TOYOTA CORONA 93;0
156;400-L;Espejo NISSAN CUSTOM ;1;;;;;Espejo TOYOTA CORSA 90;0
975;BF-CALDINA-L;Espejo Nissan e25 brazo cromado ;0;;;;;Espejo TOYOTA CORSA 96;0
284;4453-L;Espejo NISSAN LARGO 97 ;0;;;;;Espejo TOYOTA CROWN;2
285;4453-R;Espejo NISSAN LARGO 97 ;0;;;;;Espejo TOYOTA EP71;0
701;836-L;Espejo NISSAN MARCH 2004;1;;;;;ESPEJO TOYOTA HILUX VIGO ELÉCTRICO ;0
702;836-R;Espejo NISSAN MARCH 2004 ;1;;;;;Espejo TOYOTA IPSUM;0
589;62022-0M001;Espejo NISSAN MARCH K11 ELECTRICO;0;;;;;Espejo TOYOTA IPSUM ELÉCTRICO ;4
596;6202238N00;Espejo NISSAN MARCH K11 ELECTRICO;0;;;;;Espejo Toyota Ipsum NEGRO;0
157;400-R;Espejo NISSAN MARCH K11 MANUAL;0;;;;;Espejo TOYOTA IPSUM NEGRO CORTO ;0
532;3568-C-R;Espejo NISSAN PRESSEA 97;0;;;;;Espejo Toyota Levin 92 ;0
;023209-L;Espejo NISSAN PULSAR 95 /BLUBIRD;0;;;;;Espejo TOYOTA LEVIN 95;1
;023209-R;Espejo NISSAN PULSAR 95 /BLUBIRD;0;;;;;Espejo TOYOTA LEVIN TRUNO 90;1
324;8278-R;Espejo Nissan Pulsar eléctrico 3 pines ;0;;;;;Espejo TOYOTA LITE ACE CR40 97/2000;1
248;3981-R;Espejo NISSAN SERENA ;0;;;;;Espejo TOYOTA LOBO YT7013 ELECTRICO;1
215;464-R;Espejo NISSAN SKYLINE R33;0;;;;;Espejo TOYOTA MARCK 98;0
;4675-2-L;Espejo NISSAN SKYLINE R33;0;;;;;Espejo TOYOTA MARINO 4280;1
502;10-83-L;Espejo NISSAN SUNNY B12;1;;;;;Espejo Toyota Mark 2 ;0
1020;20-207-R;Espejo NISSAN URBAN E23;0;;;;;Espejo TOYOTA RAV 4 MOD 99;0
341;7524-R;Espejo PROBOX 98 BASE GRANDE;1;;;;;Espejo TOYOTA REFLEX;1
1015;75831-20320;Espejo PROBOX 98 BASE GRANDE;1;;;;;Espejo TOYOTA SPACIO NEGRO ELECTRICO;0
;48655-20220-Y;Espejo RAV4 96;1;;;;;Espejo TOYOTA SPRINTER   MANUAL ;1
282;48692-L;Espejo RAV4 96;1;;;;;Espejo TOYOTA SPRINTER ELECTRICO 3 PINES ;2
1200;13-42-L;Espejo REDONDO UNIVERSAL PEQUEÑO;0;;;;;Espejo TOYOTA SUPER CRAWN;0
184;8102-L;Espejo RESTROVISOR TOYOTA HIACE 2008 BRAZO;0;;;;;Espejo Toyota Varios;0
821;53-07601-L;Espejo RETROVISOR HILUX SURF 99;1;;;;;Espejo TOYOTA VITZ ELECTRICO;0
211;3686-C-L;Espejo RETROVISOR NISSAN AD 90;1;;;;;Espejo TOYOTA VITZ MANUAL;0
212;3686-C-R;Espejo RETROVISOR NISSAN AD 90;0;;;;;Espejo URVAN E25 CON BRAZO;0
;23300-75020;Espejo STARLET;1;;;;;Espejo VARIOS ( Derecho );0
;5069-R;Espejo SUBARU DOMINGO;1;;;;;Espejo VARIOS ( Isquierdo );0
263;5092-L;Espejo Subaru Impreza ;0;;;;;Espiral probox;2
264;5092-R;Espejo Subaru Impreza ;0;;;;;Estabilizador DE IPSUM L;19
965;5127-L;Espejo SUBARU IMPREZA 2000;0;;;;;Estabilizador DE IPSUM R;17
423;5183-L;Espejo SUBARU IMPREZA 2001;0;;;;;Estabilizador DELANTERO DE COROOLA ;8
;YT7097-YY-L;Espejo SUNNY SENTRA B13 Manual Mod. 91- 94 LH;1;;;;;ESTABILIZADOR HILUX SURF;2
;YT7097-YY-R;Espejo SUNNY SENTRA B13 Manual Mod. 91- 94 LH;1;;;;;Estabilizador HILUX VIGO R;0
;YT7286-L;ESPEJO SUZUKI ALTO 2011;1;;;;;Estabilizador HILUX VIGO TRASERO  L;0
;YT7286-R;ESPEJO SUZUKI ALTO 2011;1;;;;;Estabilizador RAV4 97-2004;4
670;043-1563-L;Espejo suzuki swift sport 2017LED;1;;;;;Estabilizador XTRAIL UNIVERSAL;1
1030;043-1566-L;Espejo suzuki swift sport 2017LED;1;;;;;Estuche de HERRAMIENTA SUBARU ;0
803;20-161-R;Espejo TOWN ACE MOD 87 212-1568;0;;;;;Estuche de HERRAMIENTA TOYOTA;0
;312-1141-R;Espejo TOWN ACE MOD 87 212-1568;0;;;;;Estuché de herramientas DAIHATSU azul  ;0
292;5862-L;Espejo TOYOTA CALDINA GT;1;;;;;Estuché de herramientas Mitsubishi Negro  ;0
293;5862-R;Espejo TOYOTA CALDINA GT;1;;;;;Estuche MOCHILA SCOOTER;0
236;8222-R;Espejo TOYOTA CAMRY 1992;0;;;;;Farol  HILUX REVO Mod. 2015~2016~2017~2018 HB3/WY21W/LED;1
;8247-R;Espejo TOYOTA CAMRY 1992;0;;;;;Farol -SUZUKI CULTUS 218-1106;0
559;62310-38N00;Espejo TOYOTA CAMRY 88;0;;;;;Farol AE86;0
560;62310-38N10;Espejo TOYOTA CAMRY 88;0;;;;;Farol AGYA WIGO Mod. 2017~2018~2019~2020~2021~2022;0
;VZV-32-L;Espejo Toyota Camry 92 ;1;;;;;Farol ASX Mod. 2011~2012~2013~2014;1
1073;3353-R;Espejo TOYOTA CELICA 90;0;;;;;Farol BT50 mazda 2017-2020;1
;47-212-1142-R;Espejo TOYOTA CELICA 98;0;;;;;Farol CHARIOT GRANDIS;2
515;35-43-L;Espejo TOYOTA COROLLA 90 MANUAL;1;;;;;Farol COROLLA 90 CON Guiñador;0
204;E-PT-VAR;Espejo TOYOTA COROLLA FX;0;;;;;Farol COROLLA Mod. 88~91;0
;4779-R;Espejo TOYOTA CORONA 93;0;;;;;Farol COROLLA Mod.97~98~99~2000     AE101 ;2
255;3803-R;Espejo TOYOTA CORSA 90;0;;;;;Farol CORONA Mod. 84~85~  AT150 AUTO;0
841;4886-R;Espejo TOYOTA CORSA 96;0;;;;;Farol CRESSIDA Mod. 88~89~90~91~92;0
259;4572-L;Espejo TOYOTA CROWN;1;;;;;Farol CUADRADO UNIVERSAL CON SOPORTE;0
260;4572-R;Espejo TOYOTA CROWN;1;;;;;Farol DELICA MITSUBISHI;2
489;20-197-L;Espejo TOYOTA EP71;0;;;;;Farol DODGE PLYMOUNT VOYAGER Mod. 96~97~98~99~2000~;2
;TY8022-L;ESPEJO TOYOTA HILUX VIGO ELÉCTRICO ;0;;;;;FAROL DUSTER;1
;60-1336-R;Espejo TOYOTA IPSUM;0;;;;;Farol Fiat UNO Mod.2010~2011~2012~2013~2014~2015~2016~ NEGRO;2
;551-1186-L;Espejo TOYOTA IPSUM ELÉCTRICO ;2;;;;;Farol FORD MUSTANG SHELBY GT500 Mod.2014~2015~2016~2017~;1
;551-1186-R;Espejo TOYOTA IPSUM ELÉCTRICO ;2;;;;;Farol FORESTER 97;0
295;5483-R;Espejo Toyota Ipsum NEGRO;0;;;;;Farol GALAND Mod. 89~93;1
;60-1336-L;Espejo TOYOTA IPSUM NEGRO CORTO ;0;;;;;Farol GOLD POINTER VOYAGE SAVEIRO CROSSFOX 13~14~15~16 Manual Negro;1
1128;5646-R;Espejo Toyota Levin 92 ;0;;;;;Farol GRAN VITARA 218-1135;1
1127;5646-L;Espejo TOYOTA LEVIN 95;1;;;;;Farol HILUX RUNNER SURF 4WD Mod 92~93~94~95;1
;561327-R;Espejo TOYOTA LEVIN TRUNO 90;1;;;;;Farol HONDA CIVIC Mod. 2016~2017~2018 HATCHBACK COUPE SEDAN;1
297;561327-L;Espejo TOYOTA LITE ACE CR40 97/2000;1;;;;;Farol HONDA CIVIC Mod.92 3D-4D K600 BALLADE;0
1116;3382-L;Espejo TOYOTA LOBO YT7013 ELECTRICO;1;;;;;Farol HONDA EF;1
1117;3382-R;Espejo TOYOTA LOBO YT7013 ELECTRICO;0;;;;;Farol HYUNDAI ACCENT     Mod. 96~;1
679;31-11301-L;Espejo TOYOTA MARCK 98;0;;;;;Farol HYUNDAI ACCENT SOLARIS Mod. 2011~2012~2014;0
680;31-11301-R;Espejo TOYOTA MARCK 98;0;;;;;Farol HYUNDAI H1 STAREX 2008~09~10~11~12~13~14~15~16~2017;1
307;G-30-L;Espejo TOYOTA MARCK 98;0;;;;;Farol HYUNDAI i10 GRAND i10 Mod. 2011~2012~;1
308;G-30-R;Espejo TOYOTA MARCK 98;0;;;;;Farol HYUNDAI i10 GRAND i10 Mod. 2013~2014~2015~2016;0
1026;4287-L;Espejo TOYOTA MARINO 4280;1;;;;;Farol i10 GRAND i10 Mod. 2011~2012;0
507;1688-R;Espejo Toyota Mark 2 ;0;;;;;Farol JEEP GRAN CHEROKEE Mod. 2005~2006~2007;1
300;5589-R;Espejo TOYOTA RAV 4 MOD 99;0;;;;;Farol JEEP RENEGADE Mod. 2015~2016~2017~201;1
299;561326-R;Espejo TOYOTA RAV 4 MOD 99;0;;;;;Farol KIA SPORTAGE Mod.97~98~99~2000~2001~2002;0
243;547483-E-R;Espejo TOYOTA REFLEX;1;;;;;Farol LANCER Mod. 2000~2001~2002;0
294;5483-L;Espejo TOYOTA SPACIO NEGRO ELECTRICO;0;;;;;Farol LANCER Mod. 93~94~95~96;2
247;4280-L;Espejo TOYOTA SPRINTER   MANUAL ;1;;;;;Farol LANCER Negro Mod. 93~94~95~96;1
303;4230-L;Espejo TOYOTA SPRINTER ELECTRICO 3 PINES ;2;;;;;Farol LANCER Negro Mod. 98~99~2000~2001 CK5;0
313;5430-L;Espejo TOYOTA SUPER CRAWN;0;;;;;Farol LEVIN 90;0
271;547139-L;Espejo TOYOTA SUPER CRAWN;0;;;;;Farol mazda;2
;G-35-L;Espejo Toyota Varios;0;;;;;FAROL MAZDA BONGO SGL5 95;0
;G-35-R;Espejo Toyota Varios;0;;;;;Farol MAZDA PICK UP BT-50 Mod.2015~2016~2017;0
244;8289-L;Espejo TOYOTA VITZ ELECTRICO;0;;;;;FAROL MAZDA PREMACY ;0
246;8289-R;Espejo TOYOTA VITZ ELECTRICO;0;;;;;FAROL MITSUBISHI COLT 87 lancer 89;1
705;7110-L;Espejo TOYOTA VITZ MANUAL;0;;;;;Farol Mitsubishi ECLIPSE Mod. 2000~2001~2002;0
706;7110-R;Espejo TOYOTA VITZ MANUAL;0;;;;;FAROL MITSUBISHI ECLIPSE SPYDER OJO DE ÁNGEL ;1
976;BF-CALDINA-R;Espejo URVAN E25 CON BRAZO;0;;;;;Farol MITSUBISHI GALANT;0
;EH-MITSUBISHI ;Espejo VARIOS ( Derecho );0;;;;;FAROL MITSUBISHI LANCER 95;0
;EH-DAIHATSU ;Espejo VARIOS ( Isquierdo );0;;;;;FAROL MITSUBISHI MIRAGE ;0
;F-A-IMPREZA-L;Espiral probox;2;;;;;FAROL MITSUBISHI MONTERO CRISTALIZADO ;2
13;860037;Estabilizador DE IPSUM L;19;;;;;FAROL MITSUBISHI Pajero montero 92;1
14;860039;Estabilizador DE IPSUM R;17;;;;;FAROL MITSUBISHI Pajero montero 93;1
12;860036;Estabilizador DELANTERO DE COROOLA ;8;;;;;Farol MONTERO TIBURON 2000~2001~2002~2003~2004~2005~2006;0
;860156;ESTABILIZADOR HILUX SURF;2;;;;;Farol nissan;1
;860300;Estabilizador HILUX VIGO R;0;;;;;Farol NISSAN B13 215-1134 vidrio;0
;860311;Estabilizador HILUX VIGO TRASERO  L;0;;;;;Farol NISSAN B13 215-1154 Plastico;2
;860153;Estabilizador RAV4 97-2004;4;;;;;FAROL NISSAN PHATDINDER ;0
17;860043;Estabilizador XTRAIL UNIVERSAL;1;;;;;FAROL NISSAN SUNNY 2005;0
;EM-FORESTER-C;Estuche de HERRAMIENTA SUBARU ;0;;;;;FAROL NISSAN SUNNY B12;1
1080;EM-FORESTER-F;Estuche de HERRAMIENTA TOYOTA;0;;;;;Farol NISSAN SUNNY b12 ;1
926;EH-SUBARU;Estuché de herramientas DAIHATSU azul  ;0;;;;;Farol Nissan SUNNY B12 Mod.88~89~90 SENTRA;1
934;EH-TOYOTA;Estuché de herramientas Mitsubishi Negro  ;0;;;;;Farol NISSSAN CUSTUM;2
869;SCOOTER-MO;Estuche MOCHILA SCOOTER;0;;;;;Farol Renault CAPTUR Mod. 2013~2014~2015~2016~2017~      Electrico;1
;212-1524-R;Farol  HILUX REVO Mod. 2015~2016~2017~2018 HB3/WY21W/LED;1;;;;;Farol Renault DUSTER  Mod. 2003~2004~2005~2006~2007 (F. Negro);2
39;100-1120-L;Farol -SUZUKI CULTUS 218-1106;0;;;;;Farol Renault DUSTER  Mod.2013~2014~2015~2016~;0
;F-MICHELIN;Farol AE86;0;;;;;Farol Renault KWID Mod.2017~2018~2019~2020;0
;212-1539-6-L;Farol AGYA WIGO Mod. 2017~2018~2019~2020~2021~2022;0;;;;;FAROL SENTRA;0
;214-1529PXA-VYU-R;Farol ASX Mod. 2011~2012~2013~2014;0;;;;;Farol SRALET EP82;0
;214-1530-L';Farol ASX Mod. 2011~2012~2013~2014;1;;;;;Farol SRALET EP82 GT 212-1152;1
1131;121221;Farol BT50 mazda 2017-2020;1;;;;;Farol STARLET EP82;0
;217-1516-L;Farol BT50 mazda 2017-2020;0;;;;;Farol STARLET EP82 GT 212-1152;1
195;11003-R;Farol CHARIOT GRANDIS;1;;;;;Farol SUBARU DOMINGO;0
668;1121-L;Farol CHARIOT GRANDIS;1;;;;;Farol Subaru FORESTER  Mod. 98~2005   USA;2
1064;18-1800-R;Farol COROLLA 90 CON Guiñador;0;;;;;Farol SUBARU IMPREZA;1
158;19027-L;Farol COROLLA 90 CON Guiñador;0;;;;;Farol SUBARU IMPREZA 4D~5D Mod. 97~99;1
;212-1193-R-K;Farol COROLLA Mod. 88~91;0;;;;;Farol SUCCED;0
;212-11AK-L;Farol COROLLA Mod. 88~91;0;;;;;Farol SUCCED ;0
;212-1520-C-R;Farol COROLLA Mod.97~98~99~2000     AE101 ;1;;;;;Farol suelto universal p/foco cambiable H4 (tipo wagner) 2000;2
;212-1520-CY-L;Farol COROLLA Mod.97~98~99~2000     AE101 ;1;;;;;Farol suelto UNIVERSAL p/foco cambiable REDONDO CRISTAL 2000 ;2
;212-1169-R;Farol CORONA Mod. 84~85~  AT150 AUTO;0;;;;;Farol suzuki gran vitara 2015 ;2
;212-1193-L-K;Farol CORONA Mod. 84~85~  AT150 AUTO;0;;;;;FAROL SUZUKI SWIFT 2011-2016;1
;212-11CA-7-L;Farol CRESSIDA Mod. 88~89~90~91~92;0;;;;;Farol Suzuqui APV Mod.2008 ~ CARRY 2008 ~ Cristal;2
412;210-37746-R;Farol CUADRADO UNIVERSAL CON SOPORTE;0;;;;;Farol Suzuqui GRAND VITARA XL7 Mod.2005~2006~2007~2008;1
824;26-15-L;Farol CUADRADO UNIVERSAL CON SOPORTE;0;;;;;Farol Suzuqui NEW VITARA Mod. 2015~2016~2017;1
;1159-R;Farol DELICA MITSUBISHI;1;;;;;Farol Suzuqui SWIFT Mod.2017~2018~2019~2020 ECE.ELEC;2
643;1167-L;Farol DELICA MITSUBISHI;1;;;;;Farol Suzuqui VITARA;1
126;333-1172-R;Farol DODGE PLYMOUNT VOYAGER Mod. 96~97~98~99~2000~;1;;;;;Farol Suzuqui VITARA Mod. 2015~2016~2017;0
;333-1425-L;Farol DODGE PLYMOUNT VOYAGER Mod. 96~97~98~99~2000~;1;;;;;FAROL TOYORA. ALDINA ORIGINAL ;0
;TYC-DUSTER-L;FAROL DUSTER;1;;;;;Farol Toyota  COROLLA 90 CRISTALIZADO;0
322;6658-L;Farol Fiat UNO Mod.2010~2011~2012~2013~2014~2015~2016~ NEGRO;1;;;;;Farol Toyota  Spacio;0
323;6658-R;Farol Fiat UNO Mod.2010~2011~2012~2013~2014~2015~2016~ NEGRO;1;;;;;Farol Toyota 4RUNNER Mod.2005~2006~2007~2008~2009 Limited SR5;2
550;K30-1162-L;Farol FORD MUSTANG SHELBY GT500 Mod.2014~2015~2016~2017~;0;;;;;FAROL TOYOTA CALDINA 97 ( oreja agachada );1
551;K30-1162-R;Farol FORD MUSTANG SHELBY GT500 Mod.2014~2015~2016~2017~;1;;;;;Farol TOYOTA CALDINA GT;1
982;1644-R;Farol FORESTER 97;0;;;;;Farol TOYOTA CARIB 96;1
58;214-1148-R;Farol GALAND Mod. 89~93;1;;;;;Farol Toyota COROLLA Mod. 92-95 (Auto/vagon) Derecho;1
;441-19B5-R;Farol GOLD POINTER VOYAGE SAVEIRO CROSSFOX 13~14~15~16 Manual Negro;1;;;;;Farol TOYOTA CORONA 212-1105;0
;110-37746-R;Farol GRAN VITARA 218-1135;0;;;;;Farol TOYOTA CORONA 212-1138;0
194;11003-L;Farol GRAN VITARA 218-1135;1;;;;;Farol TOYOTA CORONA VERIFICAR BLUE BIRD 215-1145;0
;212-1508-L;Farol HILUX RUNNER SURF 4WD Mod 92~93~94~95;1;;;;;Farol TOYOTA CUSTOM ;0
117;317-1522-L;Farol HONDA CIVIC Mod. 2016~2017~2018 HATCHBACK COUPE SEDAN;1;;;;;Farol TOYOTA CUSTOM CON Guiñador ;2
989;2175-L;Farol HONDA CIVIC Mod.92 3D-4D K600 BALLADE;0;;;;;Farol TOYOTA CUSTOM CUADRADO;0
990;2175-R;Farol HONDA CIVIC Mod.92 3D-4D K600 BALLADE;0;;;;;Farol TOYOTA DESCONOCIDO;0
1071;016-8319-R;Farol HONDA EF;1;;;;;Farol TOYOTA FX ;0
103;221-1185-L;Farol HYUNDAI ACCENT     Mod. 96~;1;;;;;FAROL TOYOTA GAIA;0
;221-1946-L;Farol HYUNDAI ACCENT SOLARIS Mod. 2011~2012~2014;0;;;;;FAROL TOYOTA GRANVIA ;0
104;221-1185-R;Farol HYUNDAI H1 STAREX 2008~09~10~11~12~13~14~15~16~2017;1;;;;;FAROL TOYOTA HILUX REVO ;0
;221-1513-L;Farol HYUNDAI i10 GRAND i10 Mod. 2011~2012~;1;;;;;FAROL TOYOTA HILUX VIGO 2011;0
;221-1975-L;Farol HYUNDAI i10 GRAND i10 Mod. 2013~2014~2015~2016;0;;;;;Farol Toyota ipsum ;0
;221-1975-R;Farol HYUNDAI i10 GRAND i10 Mod. 2013~2014~2015~2016;0;;;;;FAROL TOYOTA RAV 4 99;1
;221-1513-R;Farol i10 GRAND i10 Mod. 2011~2012;0;;;;;Farol TOYOTA REDONDO CON SOPORTE;0
949;333-1425-R;Farol JEEP GRAN CHEROKEE Mod. 2005~2006~2007;1;;;;;Farol Toyota STARLET Mod 96~98;2
;333-1501-L;Farol JEEP GRAN CHEROKEE Mod. 2005~2006~2007;0;;;;;Farol Toyota TACOMA  Mod.2005~2006~07~08~2009~2010 USA    S/Foco;2
;AM07009HB-L;Farol JEEP RENEGADE Mod. 2015~2016~2017~201;1;;;;;Farol Toyota Varios ;0
124;323-1501-R;Farol KIA SPORTAGE Mod.97~98~99~2000~2001~2002;0;;;;;Farol Toyota. rav 4 97;2
227;3254-L;Farol KIA SPORTAGE Mod.97~98~99~2000~2001~2002;0;;;;;FAROL TOYOTASPACIO ;0
228;3254-R;Farol KIA SPORTAGE Mod.97~98~99~2000~2001~2002;0;;;;;Farol TRUENO 97;0
;33-07107-L;Farol KIA SPORTAGE Mod.97~98~99~2000~2001~2002;0;;;;;Farol VERSA Mod ~2014~2015~2016~ Auto;1
1195;214-1529-PXA-2-R;Farol LANCER Mod. 2000~2001~2002;0;;;;;Farol Volkswagen GOLD POINTER VOYAGE SAVEIRO 13~15;1
;214-1529PXA-VYU-L;Farol LANCER Mod. 2000~2001~2002;0;;;;;Farol Volkswagen GOLF IV Mod.1998~1999~2000~2001~2002;0
;214-1155-R;Farol LANCER Mod. 93~94~95~96;1;;;;;FAROL VOLKSWAGEN OJO DE ÁNGEL ;0
59;214-1159-L;Farol LANCER Mod. 93~94~95~96;1;;;;;Farol Volkswagen POINTER GOL VOYAGE Mod.2016~2017;1
60;214-1159-R;Farol LANCER Negro Mod. 93~94~95~96;0;;;;;Farol XPANDER MPV Mod. 2017~2018~2019~202;1
61;214-1163-L;Farol LANCER Negro Mod. 93~94~95~96;1;;;;;Fibra portareloj;1
;214-1515-C-L;Farol LANCER Negro Mod. 98~99~2000~2001 CK5;0;;;;;Fibra portareloj CARBON;1
66;214-1515-C-R;Farol LANCER Negro Mod. 98~99~2000~2001 CK5;0;;;;;FILTRO;2
519;12-422-L;Farol LEVIN 90;0;;;;;Filtro de ACEITE  15601-33020 -TH2825 - PH2825;0
;P02805-L;Farol mazda;1;;;;;Filtro de ACEITE  3/4 X 16 PH8-TH8A.  C-3024087;0
;P02805-R;Farol mazda;1;;;;;Filtro de ACEITE  PH-966B 3/4 X16 PH-201A.   C-3024086;0
209;02-0067-L;FAROL MAZDA BONGO SGL5 95;0;;;;;Filtro de AIRE 1RZ HIACE LOBO 17801-54140-C (+CHINOS);1
210;02-0067-R;FAROL MAZDA BONGO SGL5 95;0;;;;;Filtro de AIRE 1RZ HIACE LOBO REGIUS COMMUTER KING LONG (+CHINOS);0
;217-1516-R;Farol MAZDA PICK UP BT-50 Mod.2015~2016~2017;0;;;;;Filtro de AIRE 4A 4AG/AE100 5A COROLLA SPACIO LEVIN SPRINTER CARIB;0
77;217-1519-L;Farol MAZDA PICK UP BT-50 Mod.2015~2016~2017;0;;;;;Filtro de AIRE COROLLA Mod. 92 ~ 2002;1
;P0286-L;FAROL MAZDA PREMACY ;0;;;;;Filtro de aire NISSAN URBAN E24 CARAVAN C/P/aspa;1
;P0286-R;FAROL MAZDA PREMACY ;0;;;;;Filtro de AIRE NOAH TOWNACE TACOMA PREVIA PICKUP 4RUNNER LITEACE HILUX;0
;214-1155-L;FAROL MITSUBISHI COLT 87 lancer 89;1;;;;;Filtro de AIRE SUZUQUI 13780-79210 EMP-265;0
;314-1146-L;Farol Mitsubishi ECLIPSE Mod. 2000~2001~2002;0;;;;;Filtro TOYOTA HILUX VIGO 2KDFTV;0
;314-1503-L;Farol Mitsubishi ECLIPSE Mod. 2000~2001~2002;0;;;;;Foco Alogeno H4 de Farol SUPER WHITE AZULADO ;0
;314-1612-L;FAROL MITSUBISHI ECLIPSE SPYDER OJO DE ÁNGEL ;1;;;;;Foco CUÑA moderno de 1 contacto 12V 21W Un filamento;0
;315-1136-L;FAROL MITSUBISHI ECLIPSE SPYDER OJO DE ÁNGEL ;0;;;;;Foco CUÑA moderno de 2 contactos 12V 21/5W. #7443 T-20 Dos filamentos;0
;76801-21020;Farol MITSUBISHI GALANT;0;;;;;Foco de DOBLE Contacto 12V 21/5W FP5412 Dos filamentos Universal P/Stop;0
954;214-1199-R;FAROL MITSUBISHI LANCER 95;0;;;;;Frontal NISSAN AD 2004;0
;214-11A7-R;FAROL MITSUBISHI LANCER 95;0;;;;;Frontal SUZUKI SWIFT IMCOMPLETO IGNIS;0
;214-1530-R;FAROL MITSUBISHI MIRAGE ;0;;;;;Frontal TOYOTA CALDINA GT ;0
;214-11AN-2-L;FAROL MITSUBISHI MONTERO CRISTALIZADO ;1;;;;;Frontal TOYOTA NOHA BOXY ;0
;214-1203-R;FAROL MITSUBISHI MONTERO CRISTALIZADO ;1;;;;;Grasa PEQUEÑA;0
644;1167-R;FAROL MITSUBISHI Pajero montero 92;1;;;;;GUARDABARRO SUZUKI VITARA ;0
;1187-L;FAROL MITSUBISHI Pajero montero 93;1;;;;;Guardafango CHANCHO;0
;214-1525-L;Farol MONTERO TIBURON 2000~2001~2002~2003~2004~2005~2006;0;;;;;Guardafango DE VITARA CON BUCHERA ;0
1194;214-1529-PXA-2-L;Farol MONTERO TIBURON 2000~2001~2002~2003~2004~2005~2006;0;;;;;Guardafango MONTERO 90 ;0
1036;1311-L;Farol nissan;1;;;;;GUARDAFANGO TYG ;1
1035;1311-R;Farol NISSAN B13 215-1134 vidrio;0;;;;;"GUI;ADOR MITSUBISHI CANTER ";1
1023;16-98-R;Farol NISSAN B13 215-1154 Plastico;1;;;;;Guinador COROLLA 90 212-1524;0
;1602-L;Farol NISSAN B13 215-1154 Plastico;1;;;;;Guinador COROLLA 90 212-1647;0
;315-1504-L-Y;FAROL NISSAN PHATDINDER ;0;;;;;Guinador CORON EN PUNTA ;0
783;20-139-R;FAROL NISSAN SUNNY 2005;0;;;;;Guinador de Parachoque Suzuki Samurai;4
;20-143-L;FAROL NISSAN SUNNY 2005;0;;;;;Guinador FX ANTIGUO COROLLA 2;0
;215-1542-L;FAROL NISSAN SUNNY B12;1;;;;;Guinador LITEACE CUSTOM 212-1568-Y;1
388;12-296-L;Farol NISSAN SUNNY b12 ;1;;;;;Guinador PAJERO MONTERO 214-1531;1
;215-1528-C-L;Farol Nissan SUNNY B12 Mod.88~89~90 SENTRA;1;;;;;Guiñador  ECLIPSE;1
475;16-96-L;Farol NISSSAN CUSTUM;1;;;;;Guiñador AD 215-1561;0
476;16-96-R;Farol NISSSAN CUSTUM;1;;;;;Guiñador CALDIN GT ;1
134;551-11AK E2-R;Farol Renault CAPTUR Mod. 2013~2014~2015~2016~2017~      Electrico;1;;;;;Guiñador CALDINA GT ;0
;551-1199-L;Farol Renault DUSTER  Mod. 2003~2004~2005~2006~2007 (F. Negro);1;;;;;Guiñador CARINA AE 91;1
133;551-11AK E2-L;Farol Renault DUSTER  Mod. 2003~2004~2005~2006~2007 (F. Negro);1;;;;;Guiñador CARINA CRISTALIZADO ;0
311;5574-L;Farol Renault DUSTER  Mod.2013~2014~2015~2016~;0;;;;;Guiñador CARINA PUNTA REDONDA;1
312;5574-R;Farol Renault DUSTER  Mod.2013~2014~2015~2016~;0;;;;;Guiñador CARINA PUNTA REDONDA 212-1543;1
;551-1981-L;Farol Renault KWID Mod.2017~2018~2019~2020;0;;;;;GUIÑADOR CELICA TOYOTA ;2
;551-1981-R;Farol Renault KWID Mod.2017~2018~2019~2020;0;;;;;Guiñador CERES ;0
767;13-55-R;FAROL SENTRA;0;;;;;Guiñador CHALLENGER ;0
355;100-59083-R;Farol SRALET EP82;0;;;;;Guiñador Chevro COLORADO PICK UP GMC CANYON 2004~05~09~10~2011;1
40;100-1120-R;Farol SRALET EP82 GT 212-1152;1;;;;;GUIÑADOR CHEVROLET COLORADO;0
959;100-87262-L;Farol STARLET EP82;0;;;;;Guiñador COROLLA 2;2
41;100-1124-L/R;Farol STARLET EP82 GT 212-1152;1;;;;;Guiñador COROLLA 84 212-1611;0
409;210-87233-L;Farol SUBARU DOMINGO;0;;;;;Guiñador COROLLA SAPITO 212-1592;0
410;210-87233-R;Farol SUBARU DOMINGO;0;;;;;Guiñador CORONA 212-1605;0
;320-1505-CH-R;Farol Subaru FORESTER  Mod. 98~2005   USA;1;;;;;Guiñador CUSTOM BLANCO 215-1575;0
;320-1506-L;Farol Subaru FORESTER  Mod. 98~2005   USA;1;;;;;Guiñador DE CALDINA NARANJA ;1
283;1621-L;Farol SUBARU IMPREZA;1;;;;;Guiñador DE IMPREZA JAPONES;2
;220-1511PCAE-Y-R;Farol SUBARU IMPREZA 4D~5D Mod. 97~99;0;;;;;Guiñador de parachoque CALDINA Mod 92~93~94~94~95;2
;220-1605-L;Farol SUBARU IMPREZA 4D~5D Mod. 97~99;1;;;;;Guiñador de Parachoque CELICA 90/93 TUNNIG;0
865;52-049-R;Farol SUCCED;0;;;;;Guiñador de parachoque COROLLA Mod 86~87 Aut/Vag;2
598;52103-89110;Farol SUCCED ;0;;;;;Guiñador de parachoque COROLLA Mod 89~90~91 Aut/Vag;2
820;1079-R;Farol suelto universal p/foco cambiable H4 (tipo wagner) 2000;2;;;;;Guiñador de parachoque COROLLA Mod 92~93 Aut/Vag;5
338;110-37615-L;Farol suelto universal p/foco cambiable H4 (tipo wagner) 2000;0;;;;;Guiñador DE Parachoque DE HICE 212-1664;2
339;110-37615-R;Farol suelto UNIVERSAL p/foco cambiable REDONDO CRISTAL 2000 ;2;;;;;Guiñador DE Parachoque DOMINGO;0
1132;121222;Farol suzuki gran vitara 2015 ;2;;;;;Guiñador de Parachoque HONDA CIVIC CRX M.90~91 SMOKE TUNNIG Par;0
;218-1403-PXA-L;FAROL SUZUKI SWIFT 2011-2016;0;;;;;Guiñador de Parachoque HONDA CIVIC Mod.88~91;2
;218-1403-PXA-L-CH;FAROL SUZUKI SWIFT 2011-2016;1;;;;;Guiñador DE Parachoque JUNIOR;0
;218-1172-L;Farol Suzuqui APV Mod.2008 ~ CARRY 2008 ~ Cristal;1;;;;;Guiñador de parachoque Mitsubishi ECLIPSE Mod. 2000~2001~2002;1
;218-1172-R;Farol Suzuqui APV Mod.2008 ~ CARRY 2008 ~ Cristal;1;;;;;Guiñador de Parachoque ONDA CIVIC 88/90 3D NARANJA;0
;218-1402-L;Farol Suzuqui GRAND VITARA XL7 Mod.2005~2006~2007~2008;1;;;;;Guiñador de parachoque RAV 4  Mod 95~96~97~98~99        NARANJA;3
;218-1402-R;Farol Suzuqui GRAND VITARA XL7 Mod.2005~2006~2007~2008;0;;;;;Guiñador de parachoque RAV 4  Mod 95~96~97~98~99        TUNNIG;2
;218-1403-PXA-R;Farol Suzuqui NEW VITARA Mod. 2015~2016~2017;1;;;;;Guiñador de parachoque SUBARU  IMPREZA  4D~5D Mod. 97~99 ;2
;218-1407PXA-VC-L;Farol Suzuqui SWIFT Mod.2017~2018~2019~2020 ECE.ELEC;1;;;;;Guiñador de Parachoque SUBARU IMPREZA Mod.99~2000;0
;218-1407PXA-VC-R;Farol Suzuqui SWIFT Mod.2017~2018~2019~2020 ECE.ELEC;1;;;;;Guiñador DE Parachoque TRASERO CHARIOT;1
88;218-1170-R;Farol Suzuqui VITARA;1;;;;;Guiñador DE Parachoque TRASERO CHARIOT RVR;1
;218-1403-PXA-R-CH;Farol Suzuqui VITARA Mod. 2015~2016~2017;0;;;;;Guiñador DE SURF BLANCO ;0
;211-1909-L;FAROL TOYORA. ALDINA ORIGINAL ;0;;;;;Guiñador DOMINGO ;1
;212-11AK-R;Farol Toyota  COROLLA 90 CRISTALIZADO;0;;;;;Guiñador EP 82  212-1586;1
;212-11AM-R;Farol Toyota  COROLLA 90 CRISTALIZADO;0;;;;;Guiñador EP 82  212-15A0;0
350;1550-L;Farol Toyota  Spacio;0;;;;;Guiñador EP 82 212-1582;0
;312-1549-7-L;Farol Toyota 4RUNNER Mod.2005~2006~2007~2008~2009 Limited SR5;1;;;;;Guiñador EP 82 212-1586;0
;312-1549-7-R;Farol Toyota 4RUNNER Mod.2005~2006~2007~2008~2009 Limited SR5;1;;;;;Guiñador EP 82 212-15A0;0
;212-1508-R;FAROL TOYOTA CALDINA 97 ( oreja agachada );1;;;;;Guiñador Ford Explorer 99;2
;212-1509-L-1;FAROL TOYOTA CALDINA 97 ( oreja agachada );0;;;;;Guiñador HILUX 212-1539;0
496;10-67-L;Farol TOYOTA CALDINA GT;1;;;;;Guiñador honda eg negro ;2
498;10-67-R;Farol TOYOTA CALDINA GT;0;;;;;Guiñador JEEP CHEROKEE COMANCHE  84~85~86~87~92~94~95~96;4
757;1231-R;Farol TOYOTA CARIB 96;0;;;;;Guiñador jeep renegade ;0
;1266-L;Farol TOYOTA CARIB 96;1;;;;;Guiñador JEEP RENEGADE Mod. 2015~2016~2017~2018~2019~2020~ F/SML;3
;212-11T2-R;Farol Toyota COROLLA Mod. 92-95 (Auto/vagon) Derecho;1;;;;;Guiñador LAND CRUISSER Mod. 2007~08~09~10~11~12~13~2014~;1
488;20-262-R;Farol TOYOTA CORONA 212-1105;0;;;;;Guiñador LATERAL CALDINA GT;0
398;20-90-R;Farol TOYOTA CORONA 212-1138;0;;;;;Guiñador LATERAL CARRY;2
;13-38-R;Farol TOYOTA CORONA VERIFICAR BLUE BIRD 215-1145;0;;;;;Guiñador lateral de guardafango GRAN VITARA Mod.98;4
513;26-33-L;Farol TOYOTA CUSTOM ;0;;;;;Guiñador lateral de guardafango Nissan DATSUN;2
523;26-37-L;Farol TOYOTA CUSTOM CON Guiñador ;1;;;;;Guiñador lateral de guardafango PATROL Mod. 95~96~97~98;3
524;26-37-R;Farol TOYOTA CUSTOM CON Guiñador ;1;;;;;Guiñador lateral DYNA ~ DUTRO ~ HINO RANGER Mod. 2003 ~ 2013 BLANCO;2
514;26-33-R;Farol TOYOTA CUSTOM CUADRADO;0;;;;;Guiñador LATERAL FORESTER 97-2000;0
;320-1111-R;Farol TOYOTA DESCONOCIDO;0;;;;;Guiñador lateral HINO RANGER  FD,FG MEGA 2003    81520-1970G;1
370;12-428-L;Farol TOYOTA FX ;0;;;;;Guiñador lateral ISUZU TROPER Mod 87~88~89~90~91;1
241;4439-L;FAROL TOYOTA GAIA;0;;;;;Guiñador lateral RAV 4 Mod. 97 ~ 2000 212-1409;0
242;4439-R;FAROL TOYOTA GAIA;0;;;;;Guiñador LATERAL SUBARU IMPREZA;0
538;28-37-R;FAROL TOYOTA GRANVIA ;0;;;;;Guiñador lateral Suzuqui SAMURAI UNIVERSAL   ;2
521;28-74-L;FAROL TOYOTA GRANVIA ;0;;;;;Guiñador lateral Suzuqui SWIFT ~ Universal;0
;212-1520-CY-R;FAROL TOYOTA HILUX REVO ;0;;;;;Guiñador lateral Suzuqui UNIVERSAL   SJ 410 JEEP;2
;212-1524-L;FAROL TOYOTA HILUX REVO ;0;;;;;Guiñador lateral Suzuqui VITARA~ESCUDO ;4
;212-1549-L;FAROL TOYOTA HILUX VIGO 2011;0;;;;;Guiñador LATERLA LANCER 92;0
955;441-1130-L;Farol Toyota ipsum ;0;;;;;Guiñador LEVIN 96;0
;312-1193-L;FAROL TOYOTA RAV 4 99;1;;;;;Guiñador MONTERO;2
;312-1193-R;FAROL TOYOTA RAV 4 99;0;;;;;Guiñador NISSAN ATLAS  215-1571;0
377;26-32-L;Farol TOYOTA REDONDO CON SOPORTE;0;;;;;Guiñador NISSAN CUSTOM 315-1616;2
;212-1514-R;Farol Toyota STARLET Mod 96~98;1;;;;;Guiñador Nissan parachoques mini datsun ;2
;212-1520-C-L;Farol Toyota STARLET Mod 96~98;1;;;;;Guiñador Nissan patrol 87;2
109;312-1521-L;Farol Toyota TACOMA  Mod.2005~2006~07~08~2009~2010 USA    S/Foco;1;;;;;Guiñador NISSAN SUNNY B12 NARANJA;2
110;312-1521-R;Farol Toyota TACOMA  Mod.2005~2006~07~08~2009~2010 USA    S/Foco;1;;;;;Guiñador NISSAN SUNNY B13 215-1542;0
761;12-263-R;Farol Toyota Varios ;0;;;;;Guiñador NISSAN SUNNY B13 215-1562;2
;212-1509-R-1;Farol Toyota. rav 4 97;1;;;;;Guiñador pick up;2
;212-1514-L;Farol Toyota. rav 4 97;1;;;;;Guiñador PRIMERA;0
1123;1540-L;FAROL TOYOTASPACIO ;0;;;;;Guiñador REFLEX EP 91 212-15A1-C;0
434;120-24580-L;Farol TRUENO 97;0;;;;;Guiñador Regla  HIACE Mod.90~ Transforner;1
435;120-24580-R;Farol TRUENO 97;0;;;;;Guiñador SERENA;1
;315-1504-R-Y;Farol VERSA Mod ~2014~2015~2016~ Auto;1;;;;;Guiñador SUBARU DOMINGO ;1
;441-19B5-L;Farol Volkswagen GOLD POINTER VOYAGE SAVEIRO 13~15;1;;;;;Guiñador subaru forester ;2
;441-1177;Farol Volkswagen GOLF IV Mod.1998~1999~2000~2001~2002;0;;;;;Guiñador Subaru FORESTER Mod. 98~2005 USA LED Negro. PAR;2
;441-11AX-1-R;Farol Volkswagen GOLF IV Mod.1998~1999~2000~2001~2002;0;;;;;Guiñador Subaru IMPREZA Mod.97~98~99~2000 PAR;1
;441-11J6-2-L;FAROL VOLKSWAGEN OJO DE ÁNGEL ;0;;;;;Guiñador SUNNY B11 BLANCO ;1
;441-11J6-R;Farol Volkswagen POINTER GOL VOYAGE Mod.2016~2017;1;;;;;Guiñador SURF AMARILLO 212-1573;1
;214-1531-L;Farol XPANDER MPV Mod. 2017~2018~2019~202;1;;;;;Guiñador SURFNARANJA ;0
;F-RELOJ;Fibra portareloj;1;;;;;Guiñador SUZUKI MARUTI 218-1503;0
;F-RELOJ-C;Fibra portareloj CARBON;1;;;;;Guiñador SUZUKI NEW VITARA ALÓGENO  ;2
376;26-13-R;FILTRO;1;;;;;Guiñador TONACE;1
1094;C-3024086;Filtro;1;;;;;GUIÑADOR TOYOTA COROLLA SAPITO NEGRO ;3
167;C-3072014;Filtro de ACEITE  15601-33020 -TH2825 - PH2825;0;;;;;Guiñador TOYOTA CUSTOM LARGO ;0
1107;PH8A;Filtro de ACEITE  3/4 X 16 PH8-TH8A.  C-3024087;0;;;;;Guiñador TOYOTA FX;1
1106;PH966;Filtro de ACEITE  PH-966B 3/4 X16 PH-201A.   C-3024086;0;;;;;Guiñador Toyota ipsum NARANJA;2
1097;C-3024075;Filtro de AIRE 1RZ HIACE LOBO 17801-54140-C (+CHINOS);1;;;;;JALADOR CALDINA GT ORIGINAL ;0
166;C-3072001;Filtro de AIRE 1RZ HIACE LOBO REGIUS COMMUTER KING LONG (+CHINOS);0;;;;;Jalador DE MANO VARIOS;0
1101;C-3024005;Filtro de AIRE 4A 4AG/AE100 5A COROLLA SPACIO LEVIN SPRINTER CARIB;0;;;;;JALADOR DE PUERTA TRASERA TOYOTA CALDINA GT;0
1104;C-3024017;Filtro de AIRE COROLLA Mod. 92 ~ 2002;1;;;;;Jalador SUBARU DE Puerta DELANTERA;0
165;C-3024064;Filtro de aire NISSAN URBAN E24 CARAVAN C/P/aspa;1;;;;;Jeep Cherokee vicel;0
1103;C-3024013;Filtro de AIRE NOAH TOWNACE TACOMA PREVIA PICKUP 4RUNNER LITEACE HILUX;0;;;;;Junta 20*35*23 AE100;0
;400400;Filtro de AIRE SUZUQUI 13780-79210 EMP-265;0;;;;;JUNTA 24X23 TOY PROBOX ;0
1105;C-3024084;Filtro TOYOTA HILUX VIGO 2KDFTV;0;;;;;JUNTA H. TOY. AE100 92/AE92 26X24X56;10
1091;CH-216029;Foco Alogeno H4 de Farol SUPER WHITE AZULADO ;0;;;;;Junta IPSUM COROLLA Mod 87~95 24 X56X 26 C/ABS 133221;30
;CH-216030;Foco CUÑA moderno de 1 contacto 12V 21W Un filamento;0;;;;;Junta PATHFINDER PICK UP 6 Cyl. Mod 89~97 28 X50X 27;0
;CH-216031;Foco CUÑA moderno de 2 contactos 12V 21/5W. #7443 T-20 Dos filamentos;0;;;;;"LANCER 87 GUI;ANDOR";1
;CH-216076;Foco de DOBLE Contacto 12V 21/5W FP5412 Dos filamentos Universal P/Stop;0;;;;;Lente Guiñador de parachoque COROLLA Mod 90~91 Aut/Vag;6
342;FRONT-AD;Frontal NISSAN AD 2004;0;;;;;Lente stop Suzuki SAMURAI;2
356;FRONT-IGNIS;Frontal SUZUKI SWIFT IMCOMPLETO IGNIS;0;;;;;Lente Stop Toyota HIACE Mod. 90~ Minibus;2
367;FRONT-CALDINAGT;Frontal TOYOTA CALDINA GT ;0;;;;;LIP DE PARACHOQUE CALDINA GT ;0
349;FRONT-BOXY;Frontal TOYOTA NOHA BOXY ;0;;;;;LLANTA DE AUXILIO;1
1089;SUPERKOTTE-G;Grasa PEQUEÑA;0;;;;;Llanta SCOOTER  VERDE ;0
;SZ11036A-L;GUARDABARRO SUZUKI VITARA ;0;;;;;Luz DE PLACA VARIOS NEGRO;0
;SZ11036A-R;GUARDABARRO SUZUKI VITARA ;0;;;;;Luz DE RETRO HILUX SURF 92;0
970;GF-E24-L;Guardafango CHANCHO;0;;;;;Maletera CALDINA GT ;0
971;GF-E24-R;Guardafango CHANCHO;0;;;;;Maletera CARIB 98;0
548;GF-VITARA-L;Guardafango DE VITARA CON BUCHERA ;0;;;;;Maletera COMPLETA EVOLUCION 6;0
549;GF-VITARA-R;Guardafango DE VITARA CON BUCHERA ;0;;;;;Maletera Lancer evo 4 BLANCO;1
546;GF-MONTERO90-L;Guardafango MONTERO 90 ;0;;;;;Maletera MITSUBISHI CHARIOT GRANDIS;0
547;GF-MONTERO90-R;Guardafango MONTERO 90 ;0;;;;;Maletera NISSAN CARAVAN CHANCHO;0
;TY10060G-R;GUARDAFANGO TYG ;1;;;;;Maletera SUBARU FORESTER 2000;0
;212-1112-TYC-L;"GUI;ADOR MITSUBISHI CANTER ";1;;;;;Maletera SUBARU WAGON IMPREZA;0
484;12-412-R;Guinador COROLLA 90 212-1524;0;;;;;Maletera Suzuki vitara A MUELLE;0
371;12-428-R;Guinador COROLLA 90 212-1647;0;;;;;Maletera TOYOTA CALDINA A MUELLE;0
;12-84-L;Guinador COROLLA 90 212-1647;0;;;;;Maletera TOYOTA IPSUM 96 ;0
152;20597-Y;Guinador CORON EN PUNTA ;0;;;;;MASACARA TOYOTA RAV 4 TRD;0
1118;2068-L;Guinador CORON EN PUNTA ;0;;;;;Mascara A VENIR AD 96 VERIFICAR;0
;218-1912-R;Guinador de Parachoque Suzuki Samurai;2;;;;;Mascara ATRAIL Blanco ;0
;218-1937-L;Guinador de Parachoque Suzuki Samurai;2;;;;;Mascara CARAVAN K20  CROMADO;0
786;20-179-L;Guinador FX ANTIGUO COROLLA 2;0;;;;;Mascara CARIB ;1
894;28-79-R;Guinador LITEACE CUSTOM 212-1568-Y;1;;;;;Mascara CARINA 85 CROMADO;1
;212-1105-R;Guinador PAJERO MONTERO 214-1531;1;;;;;Mascara CARINA 85 NEGRO;0
;212-1112-L;Guiñador  ECLIPSE;1;;;;;Mascara CARINA 89;0
;333-1110-L;Guiñador AD 215-1561;0;;;;;Mascara CUSTOM CROMADO GUIADOR LARGO;0
497;10-76-L;Guiñador CALDIN GT ;1;;;;;Mascara CUSTOM NISSAN  CROMADO 215-1575;0
499;10-76-R;Guiñador CALDINA GT ;0;;;;;Mascara CUSTUM CROMADO CON NEGRO 215-1575;0
332;21-32-R;Guiñador CARINA AE 91;1;;;;;Mascara DATSUN DOBLE Farol REDONDO;0
146;210-0202-002-L;Guiñador CARINA CRISTALIZADO ;0;;;;;Mascara DS07050GA SUNNY B11;0
147;210-0202-002-R;Guiñador CARINA CRISTALIZADO ;0;;;;;Mascara GRAN VIA 98;0
889;20-93-R;Guiñador CARINA PUNTA REDONDA;1;;;;;Mascara HIACE CUSTOM 89 212-1221 TY07081GA;1
150;20597-C;Guiñador CARINA PUNTA REDONDA;0;;;;;Mascara HIACE Mod LETRAS ORIGIBNAL  89 07081GA TONG YANG;1
769;20-274-R;Guiñador CARINA PUNTA REDONDA 212-1543;0;;;;;MASCARA JIMMY ( USADO );1
467;20-306-L;Guiñador CARINA PUNTA REDONDA 212-1543;1;;;;;Mascara Junior;1
111;312-1634PXA-L;GUIÑADOR CELICA TOYOTA ;1;;;;;Mascara LEVIN AE 86;0
112;312-1634PXA-R;GUIÑADOR CELICA TOYOTA ;1;;;;;Mascara MARINO TOYOTA;0
1065;120-63437-L;Guiñador CERES ;0;;;;;Mascara MITSUBISHI MONTERO NEGRO;0
1066;120-63437-R;Guiñador CERES ;0;;;;;MASCARA NISSAAN CUSTOM CROMADO;0
1049;13-31-R;Guiñador CHALLENGER ;0;;;;;Mascara NISSAN MARCH ;0
;13-38-L;Guiñador CHALLENGER ;0;;;;;Mascara STOUT TY07023;1
272;3352-R;Guiñador Chevro COLORADO PICK UP GMC CANYON 2004~05~09~10~2011;1;;;;;Mascara SUZUKI SAMURAI ;0
;333-1903-L;GUIÑADOR CHEVROLET COLORADO;0;;;;;MASCARA SUZUKI SWIFT IGNIS;0
;333-1903-PXU;GUIÑADOR CHEVROLET COLORADO;0;;;;;Mascara TOYOTA 212-1228 CE-96;0
191;19050-R;Guiñador COROLLA 2;1;;;;;Mascara TOYOTA CARIN A;0
984;192-L;Guiñador COROLLA 2;1;;;;;Mascara TOYOTA ESTARLET ;0
1043;12-342-L;Guiñador COROLLA 84 212-1611;0;;;;;Mascara TOYOTA HIACE  CUSTOM 92;1
1044;12-342-R;Guiñador COROLLA 84 212-1611;0;;;;;Mascara TOYOTA HIACE 212-1196;0
405;120-87194-L;Guiñador COROLLA SAPITO 212-1592;0;;;;;MASCARA TOYOTA RAV 4 FIBRA DE VIDRIO ;1
1022;16-98-L;Guiñador CORONA 212-1605;0;;;;;Mascara URVAN E25 215-11A5;0
;13-1210-R;Guiñador CUSTOM BLANCO 215-1575;0;;;;;Mascara URVAN TYG;0
997;13-19;Guiñador CUSTOM BLANCO 215-1575;0;;;;;Mascara VARIOS;0
1042;2074-R;Guiñador DE CALDINA NARANJA ;1;;;;;Mascara VITARA VRS AMERICANA;0
418;3337-L;Guiñador DE IMPREZA JAPONES;1;;;;;Mascara VITZ;0
419;3337-R;Guiñador DE IMPREZA JAPONES;1;;;;;MASCRA NISSAN URVAN E24 CHINO;0
54;212-1916-R;Guiñador de parachoque CALDINA Mod 92~93~94~94~95;1;;;;;Mataburro Caldina 98;0
;212-1918-L;Guiñador de parachoque CALDINA Mod 92~93~94~94~95;1;;;;;Mataburro MONTERO 90;0
951;312-19C2-L;Guiñador de Parachoque CELICA 90/93 TUNNIG;0;;;;;Mataburro PLASTICO SURF ;0
952;312-19C2-R;Guiñador de Parachoque CELICA 90/93 TUNNIG;0;;;;;Media luz;2
51;212-1904-L;Guiñador de parachoque COROLLA Mod 86~87 Aut/Vag;1;;;;;Media Luz 212-15D5 DE HIACE ;0
52;212-1904-R;Guiñador de parachoque COROLLA Mod 86~87 Aut/Vag;1;;;;;Media luz BONGO NARANJA;2
;212-1914-R-2;Guiñador de parachoque COROLLA Mod 89~90~91 Aut/Vag;1;;;;;Media luz c/Guiñador COROLLA Mod. 84~85~86;2
;212-1915-L;Guiñador de parachoque COROLLA Mod 89~90~91 Aut/Vag;1;;;;;Media luz c/guiñador Nissan SUNNY Mod. 90~91;2
;212-1915-R;Guiñador de parachoque COROLLA Mod 92~93 Aut/Vag;3;;;;;Media luz c/guiñador Nissan URVAN Mod. 90~ Naranjado/Blanco;2
54;212-1916-L;Guiñador de parachoque COROLLA Mod 92~93 Aut/Vag;2;;;;;Media luz c/guiñador Nissan URVAN Mod. 90~Solo Blanco;1
1039;26-55-L;Guiñador DE Parachoque DE HICE 212-1664;1;;;;;Media luz c/guiñador SENTRA Mod. 87 Naranja;2
1040;26-55-R;Guiñador DE Parachoque DE HICE 212-1664;1;;;;;Media luz c/guiñador Subaru FORESTER    Mod. 98~2005   U.S.A.;2
957;3366-R;Guiñador DE Parachoque DOMINGO;0;;;;;Media luz CELICA Mod. 90~95 TUNNIG   BLACK-WHITE;4
983;3367-L;Guiñador DE Parachoque DOMINGO;0;;;;;MEDIA LUZ COROLLA 92 CRISTALIZADO ;1
861;32-128-R;Guiñador de Parachoque HONDA CIVIC CRX M.90~91 SMOKE TUNNIG Par;0;;;;;Media luz COROLLA Mod. 88~89~90~91;4
;318-1906-R;Guiñador de Parachoque HONDA CIVIC Mod.88~91;1;;;;;Media luz COROLLA Mod. 95 ~ 96 AE110. SAPITO;2
860;32-128-L;Guiñador de Parachoque HONDA CIVIC Mod.88~91;1;;;;;Media luz COROLLA Mod.85~86~87 BLANCO;2
;3398-L;Guiñador DE Parachoque JUNIOR;0;;;;;Media luz COROLLA Mod.85~86~87 BY;2
;3398-R;Guiñador DE Parachoque JUNIOR;0;;;;;Media luz COROLLA Mod.92~93~94~95;2
;315-1503-R-Y;Guiñador de parachoque Mitsubishi ECLIPSE Mod. 2000~2001~2002;1;;;;;Media luz COROLLA Mod.92~93~94~95   Auto   Vagoneta    ;3
;218-1151-L;Guiñador de Parachoque ONDA CIVIC 88/90 3D NARANJA;0;;;;;Media luz COROLLA Mod.92~99;0
;212-1930-L;Guiñador de parachoque RAV 4  Mod 95~96~97~98~99        NARANJA;2;;;;;Media luz CORONA CALDINA Mod.92~93~94~95~96~97 ;2
;212-1951-L;Guiñador de parachoque RAV 4  Mod 95~96~97~98~99        NARANJA;1;;;;;Media luz CRESSIDA  Mod. 83 ~ 84  RX62;2
;212-1930-R;Guiñador de parachoque RAV 4  Mod 95~96~97~98~99        TUNNIG;1;;;;;Media luz CRESSIDA  Mod. 85 ~ 86  RX70;4
;212-1945-R;Guiñador de parachoque RAV 4  Mod 95~96~97~98~99        TUNNIG;1;;;;;Media luz DESCONOCIDO;0
741;220-20553-L;Guiñador de parachoque SUBARU  IMPREZA  4D~5D Mod. 97~99 ;1;;;;;Media luz FORD F150 Mod.2001~2002~2003;2
742;220-20553-R;Guiñador de parachoque SUBARU  IMPREZA  4D~5D Mod. 97~99 ;1;;;;;Media luz GALANT Mod.89~90~91~92~93 E33A;3
735;220-20597-L;Guiñador de Parachoque SUBARU IMPREZA Mod.99~2000;0;;;;;Media luz HIACE CUSTOM 96-2000;0
736;220-20597-R;Guiñador de Parachoque SUBARU IMPREZA Mod.99~2000;0;;;;;Media luz HIACE Mod. 90~2000;0
;043-1540-R;Guiñador DE Parachoque TRASERO CHARIOT;1;;;;;Media luz HILUX Mod.92~93~94~95~96~97   CROME;1
;043-1540-L;Guiñador DE Parachoque TRASERO CHARIOT RVR;1;;;;;Media luz HILUX Mod.92~93~94~95~96~97   CROME USA;0
533;3568-Y-L;Guiñador DE SURF BLANCO ;0;;;;;Media luz HILUX Mod.98~2000/Plomo;2
534;3568-Y-R;Guiñador DE SURF BLANCO ;0;;;;;Media luz HILUX RUNNER SURF Mod.92~93~94~95   CROMADO;1
82;217-1608-R;Guiñador DOMINGO ;1;;;;;Media Luz HONDA ACCORD Mod. 94~95~96~97~                           Par ;1
743;1053-L;Guiñador EP 82  212-1586;1;;;;;Media luz HONDA ACCORD Mod.90~91;2
743;1053-R;Guiñador EP 82  212-15A0;0;;;;;Media luz HONDA CIVIC 217-1520;0
;100-1929-C;Guiñador EP 82 212-1582;0;;;;;Media Luz HONDA CIVIC Mod. 88~89~90~91~ ;2
354;100-59079-L;Guiñador EP 82 212-1582;0;;;;;Media luz HONDA CIVIC Mod.90 3D;0
960;100-87262-R;Guiñador EP 82 212-1586;0;;;;;Media luz HONDA PRELUDE Mod. 92 ~ 96;0
582;10300-0310;Guiñador EP 82 212-15A0;0;;;;;Media luz HYUNDAI VAN H100.Minibus 96~97~98~99~2000~2001~2002~2003;2
;331-1903-R;Guiñador Ford Explorer 99;1;;;;;Media luz LANCER Mod. 93~94~95~96 NARANJA Tunnig;2
;331-1951-R;Guiñador Ford Explorer 99;1;;;;;Media luz LANCER Mod. 93~94~95~96 NEGRO;0
535;35-52-L;Guiñador HILUX 212-1539;0;;;;;Media luz LAND CRUISER  Mod.2003~2006 CROMADO;2
251;3530-L;Guiñador HILUX 212-1539;0;;;;;Media luz LAND CRUISER FJ45 Mod.74~75~76~78~79~80;2
;218-1105-L;Guiñador honda eg negro ;1;;;;;Media luz LAND CRUISER FJ75 Mod. 85~2002    Cromado;2
;218-1105-R;Guiñador honda eg negro ;1;;;;;Media luz MAZDA BONGO Mod.2000~2001~2002 VANETTE  E2000 216-1555 PO371;2
;333-1602-R;Guiñador JEEP CHEROKEE COMANCHE  84~85~86~87~92~94~95~96;1;;;;;Media luz MITSIBISHI VERIFICAR;0
;333-1608-L;Guiñador JEEP CHEROKEE COMANCHE  84~85~86~87~92~94~95~96;1;;;;;Media luz MITSUBISHI pajero 96;6
;333-1636-L;Guiñador JEEP CHEROKEE COMANCHE  84~85~86~87~92~94~95~96;2;;;;;Media luz montero 92;0
;333-1903-R;Guiñador jeep renegade ;0;;;;;Media luz Nissan BLUE BIRD Mod. 90-93(Auto);2
;333-1501-R;Guiñador JEEP RENEGADE Mod. 2015~2016~2017~2018~2019~2020~ F/SML;1;;;;;Media luz Nissan PATROL ~ SAFARI  Mod. 95~96~97;2
;333-1602-L;Guiñador JEEP RENEGADE Mod. 2015~2016~2017~2018~2019~2020~ F/SML;2;;;;;Media luz Nissan patrol 95;1
113;314-1126-L;Guiñador LAND CRUISSER Mod. 2007~08~09~10~11~12~13~2014~;1;;;;;MEDIA LUZ NISSAN SUNNY 90 ;3
;211-1956-L;Guiñador LATERAL CALDINA GT;0;;;;;Media luz Nissan SUNNY SENTRA B13 Mod.1990~1991~ TSURU-III USA ;3
;211-1956-R;Guiñador LATERAL CALDINA GT;0;;;;;Media luz PAJERO MONTERO Mod. 92~93~94;2
225;3666-L;Guiñador LATERAL CARRY;1;;;;;Media luz PAJERO MONTERO Mod. 94~95~96~97;2
226;3666-R;Guiñador LATERAL CARRY;1;;;;;Media luz PATHFINDER Mod.96~2000         USA     Cromado;2
;218-1610-R;Guiñador lateral de guardafango GRAN VITARA Mod.98;2;;;;;Media luz PATHFINDER REGULOS;0
92;218-1905-R;Guiñador lateral de guardafango GRAN VITARA Mod.98;2;;;;;Media luz PRESEA VERIFICAR BLUE BIRD;0
;215-1575-R;Guiñador lateral de guardafango Nissan DATSUN;2;;;;;Media luz RUNNER Mod.88~89~90~91~92 Cromado;1
;215-1543-R;Guiñador lateral de guardafango PATROL Mod. 95~96~97~98;3;;;;;Media luz SPRINTER Mod. 87~88~89~90~;1
;220-1403PXAEVS;Guiñador lateral DYNA ~ DUTRO ~ HINO RANGER Mod. 2003 ~ 2013 BLANCO;1;;;;;Media luz STARLET Mod.84~87;2
;220-1511PCAE-Y-L;Guiñador lateral DYNA ~ DUTRO ~ HINO RANGER Mod. 2003 ~ 2013 BLANCO;1;;;;;Media luz SUBARU  IMPREZA  4D~5D Mod. 97~99.     Amarillo      PAR;1
450;2165-R;Guiñador LATERAL FORESTER 97-2000;0;;;;;Media luz Subaru FORESTER  Mod. 98~99~00~01~02~03~2004~2005;2
75;217-1111 PXA-L;Guiñador LATERAL FORESTER 97-2000;0;;;;;Media luz subaru Forester original blanco;2
;6339;Guiñador lateral HINO RANGER  FD,FG MEGA 2003    81520-1970G;1;;;;;Media luz SUBARU IMPREZA 4D~5D Mod. 97~99 Naranja;0
;214-1119PXRD-2-R;Guiñador lateral ISUZU TROPER Mod 87~88~89~90~91;1;;;;;Media luz SUNNY B11;0
;317-1513-L;Guiñador lateral RAV 4 Mod. 97 ~ 2000 212-1409;0;;;;;Media luz SUZUKI SWIF VERIFICAR;0
;317-1513-R;Guiñador lateral RAV 4 Mod. 97 ~ 2000 212-1409;0;;;;;Media luz TOWN ACE 78;1
;218-1151-R;Guiñador LATERAL SUBARU IMPREZA;0;;;;;Media luz TOWN ACE 78 ;1
;218-1164-EM1-L;Guiñador LATERAL SUBARU IMPREZA;0;;;;;Media luz Toyota 4RUNNER Mod. 96;0
;218-1906-R;Guiñador lateral Suzuqui SAMURAI UNIVERSAL   ;1;;;;;MEDIA LUZ TOYOTA CALDINA;1
;218-1911-PX-L;Guiñador lateral Suzuqui SAMURAI UNIVERSAL   ;1;;;;;Media luz Toyota COROLLA CARIB Mod.98~ Redondo  ROSSO;7
;218-1503-R;Guiñador lateral Suzuqui SWIFT ~ Universal;0;;;;;Media luz Toyota HIACE Mod.84~89;0
89;218-1602-L;Guiñador lateral Suzuqui SWIFT ~ Universal;0;;;;;Media luz Toyota HIACE Mod.90~02;4
1181;121118;Guiñador lateral Suzuqui UNIVERSAL   SJ 410 JEEP;2;;;;;Media luz TOYOTA LITE ACE 212-1516 MOD 82;1
590;50221;Guiñador lateral Suzuqui VITARA~ESCUDO ;1;;;;;Media luz Toyota NOAH Mod.96~97~98 212-15H2-K;1
;74170;Guiñador lateral Suzuqui VITARA~ESCUDO ;1;;;;;Media luz Toyota PRADO CRISTAL FJ90/LJ95 Mod.2000~2001~2002;1
90;218-1602-R;Guiñador lateral Suzuqui VITARA~ESCUDO ;1;;;;;Media Luz URVAN CARABAN CUSTOM EUROPEO. 87~88~94~95~2001;2
;218-1610-L;Guiñador lateral Suzuqui VITARA~ESCUDO ;1;;;;;Media luz X-TRAIL Mod. 2001 ~ 2005 ;1
784;12-173-R;Guiñador LATERLA LANCER 92;0;;;;;MIEDIA LUZ HONDA CIVIC 88;1
477;12-197-L;Guiñador LATERLA LANCER 92;0;;;;;"Mu;on  ";2
372;1210-R;Guiñador LEVIN 96;0;;;;;"MU;ON SUPENCION BUFALO";12
262;122472-U;Guiñador LEVIN 96;0;;;;;"MU;ON SUPENCION HILUX 92";1
;212-1112-TYC-R;Guiñador MONTERO;1;;;;;"Mu;on suspencion inferior KING LONG 2018";8
;212-1126-L;Guiñador MONTERO;1;;;;;Muñón de dirección / Terminal YOITOKI. SE-2651;54
430;3339-L;Guiñador NISSAN ATLAS  215-1571;0;;;;;Muñon DE DIRECCION VARIOS;0
431;3339-R;Guiñador NISSAN ATLAS  215-1571;0;;;;;MUÑON DE ESTAB.  NISSAN B12/B13;1
122;323-1105-R;Guiñador NISSAN CUSTOM 315-1616;1;;;;;Muñon de Estabilizador RUNNER YOITOKI Universal;1
123;323-1501-L;Guiñador NISSAN CUSTOM 315-1616;1;;;;;Muñon DE SUSPENCION  VARIOS;0
;215-1977;Guiñador Nissan parachoques mini datsun ;1;;;;;Muñon de suspensión NOAH ~ LITEACE Superior YOITOKI Sin grasera blindado;15
;215-1991-C-L;Guiñador Nissan parachoques mini datsun ;1;;;;;Muñon de suspension VANETTE BONGO Superior 00-06;11
;215-1614-R;Guiñador Nissan patrol 87;1;;;;;Muñon DIRECCION 124848;2
;215-1910-2-L;Guiñador Nissan patrol 87;1;;;;;Muñon DIRECCION CALDINA R;0
394;52-016-L;Guiñador NISSAN SUNNY B12 NARANJA;1;;;;;Muñon DIRECCION COROLLA 78;0
395;52-016-R;Guiñador NISSAN SUNNY B12 NARANJA;1;;;;;Muñon DIRECCION HIACE CHINO ROSCA 15;40
1060;3320-L;Guiñador NISSAN SUNNY B13 215-1542;0;;;;;Muñon DIRECCION HIACE CUADRADO /HILUX 89;0
1061;3320-R;Guiñador NISSAN SUNNY B13 215-1542;0;;;;;Muñon DIRECCION HIACE ROSCA 15;2
127;334-1906-L;Guiñador NISSAN SUNNY B13 215-1562;1;;;;;Muñon DIRECCION LOBO ROSCA 17;0
128;334-1906-R;Guiñador NISSAN SUNNY B13 215-1562;1;;;;;Muñon DIRECCION LUCIDA;1
948;215-1552-R;Guiñador pick up;1;;;;;Muñon DIRECCION NISSAN LUCIDA;1
;215-1562-L;Guiñador PICK UP;1;;;;;Muñon DIRECCION PROBOX;2
;212-1112-R;Guiñador PRIMERA;0;;;;;Muñon DIRECCION SUZUKI SX4 SWIFT;0
703;1059-L;Guiñador REFLEX EP 91 212-15A1-C;0;;;;;MUÑON ESTABILIZADOR DEL TOY RAV4 96/98;2
704;1059-R;Guiñador REFLEX EP 91 212-15A1-C;0;;;;;Muñon Estabilizador largo NOAH SUZUKI;0
;212-1918-R;Guiñador Regla  HIACE Mod.90~ Transforner;1;;;;;MUÑÓN ESTABILIZADOR LARGO UNIVERSAL ;47
;212-1922-L;Guiñador Regla  HIACE Mod.90~ Transforner;;;;;;Muñon Estabilizador PROBOX;1
1142;A-2159;Guiñador SERENA;1;;;;;Muñon KEYTON ;0
;217-1531-R;Guiñador SUBARU DOMINGO ;1;;;;;Muñon KING LONG ;0
;321-2018-L;Guiñador subaru forester ;2;;;;;Muñon Muñon RUNNER;0
;220-1605-R;Guiñador Subaru FORESTER Mod. 98~2005 USA LED Negro. PAR;1;;;;;Muñon SIRECCION KING LONG ROSCA 14;26
99;220-1608 pxa-L;Guiñador Subaru FORESTER Mod. 98~2005 USA LED Negro. PAR;1;;;;;Muñon SUSPENCIO HIACE INFERIOR;23
;12808;Guiñador Subaru IMPREZA Mod.97~98~99~2000 PAR;1;;;;;MUÑÓN SUSPENCION HIACE SUP SON PERNOS;9
;321-2018-R;Guiñador SUNNY B11 BLANCO ;;;;;;MUÑÓN SUSPENCION HILUX 92;2
441;3226-L;Guiñador SUNNY B11 BLANCO ;1;;;;;MUÑÓN SUSPENCION HYUNDAI H1 FURGON CAPTIVA CHEVROLET BONGO CAMIONETA;2
531;3568-C-L;Guiñador SURF AMARILLO 212-1573;1;;;;;MUÑÓN SUSPENCION INF MONTERO SPORT DELICA ;0
;35810-7;Guiñador SURFNARANJA ;;;;;;MUÑÓN SUSPENCION MONTERO NATIVA PAJERO TRITON GALOPER;2
995;36401-8500-L;Guiñador SURFNARANJA ;;;;;;Muñon SUSPENCION NISSAN CHANCHO;8
424;5183-R;Guiñador SUZUKI MARUTI 218-1503;;;;;;MUÑON suspencion superior  NATIVA IO TRITON  PAJEROMONTERO ;4
;218-1937-R;Guiñador SUZUKI NEW VITARA ALÓGENO  ;1;;;;;MUÑÓN SUSPENCION SUPERIRO HIACE LOBO ;6
;218-1942-L;Guiñador SUZUKI NEW VITARA ALÓGENO  ;1;;;;;MUÑÓN SUSPENCION TOYOTA TERCEL ;0
895;28-79-L;Guiñador TONACE;1;;;;;MUÑÓN SUSPENCION VANNETE BONGO INFERIOR MAZDA;3
;212-15G6-1-L;GUIÑADOR TOYOTA COROLLA SAPITO NEGRO ;2;;;;;Muñon SUSPENO DEL PROBOX;6
;212-15G6-1-R;GUIÑADOR TOYOTA COROLLA SAPITO NEGRO ;1;;;;;Muñon SUSPENSIÓN CALDINA 97;63
512;2644-R;Guiñador TOYOTA CUSTOM LARGO ;;;;;;Muñon SUSPENSIÓN COROLLA 90 L;34
;12-417-L;Guiñador TOYOTA FX;1;;;;;Muñon SUSPENSIÓN COROLLA 90 R;5
;44-3-R;Guiñador Toyota ipsum NARANJA;1;;;;;Muñon SUSPENSION HIACE CUADRADO ;12
1113;44-5-R;Guiñador Toyota ipsum NARANJA;1;;;;;Muñon SUSPENSIÓN HIALUX 92 SUPERIOR MARCA BIG;3
818;795-R;JALADOR CALDINA GT ORIGINAL ;;;;;;Muñon SUSPENSIÓN INFERIOR NOAH LITE ACE;18
1006;JAL-M-VAR;Jalador DE MANO VARIOS;;;;;;Muñon SUSPENSIÓN LAND CRUISER;0
;J-TOY-CALGT-F;JALADOR DE PUERTA TRASERA TOYOTA CALDINA GT;;;;;;Muñon SUSPENSIÓN MINIBUS URVAN 90 ABAJO;31
917;PPE-PA;Jalador SUBARU DE Puerta DELANTERA;;;;;;Muñon SUSPENSIÓN MINIUS NISSAN URVAN 90 ;21
162;AP-S;Jeep Cherokee vicel;;;;;;Muñon SUSPENSIÓN RAV 4 ;0
8;860027;Junta 20*35*23 AE100;;;;;;Muñon TOYOTA HILUX  STOUT INFERIOR;0
;860022;JUNTA 24X23 TOY PROBOX ;;;;;;Muñon TOYOTA HILUX  STOUT SUPERIOR;0
1161;860019;JUNTA H. TOY. AE100 92/AE92 26X24X56;10;;;;;MuñonES SUSPENSIÓN PROBOX ISQUIERDO;0
1159;860024;Junta IPSUM COROLLA Mod 87~95 24 X56X 26 C/ABS 133221;30;;;;;NUCLEO DE TRICETA TOY.AE80 23*24*23;8
1086;400402;Junta PATHFINDER PICK UP 6 Cyl. Mod 89~97 28 X50X 27;;;;;;PALIER COMPLETO TOYOTA IPSUM;3
;214-1938-1-L;"LANCER 87 GUI;ANDOR";1;;;;;PARACHOQUE ;0
187;010467-R;Lente Guiñador de parachoque COROLLA Mod 90~91 Aut/Vag;3;;;;;Parachoque CARINA VERIFICAR;0
192;011003-L;Lente Guiñador de parachoque COROLLA Mod 90~91 Aut/Vag;3;;;;;Parachoque COROLLA 98 SALOM;0
648;01405-R;Lente stop Suzuki SAMURAI;;;;;;Parachoque DEL GRAN VITARA 99 SZ04050BA;0
1070;016-8319-L;Lente stop Suzuki SAMURAI;2;;;;;Parachoque DEL HILUX 93 METALICO 212-1638;0
193;011003-R;Lente Stop Toyota HIACE Mod. 90~ Minibus;1;;;;;Parachoque DEL MITSUBISHI IO ;0
647;01405-L;Lente Stop Toyota HIACE Mod. 90~ Minibus;1;;;;;Parachoque DEL NISSAN CUSTOM NA20 ( BLANCO / PLOMO);0
;LIP-CAL-GT-L;LIP DE PARACHOQUE CALDINA GT ;;;;;;Parachoque DEL NISSAN SUNNY B14 ( VERDE / BLANCO );0
;LIP-CAL-GT-R;LIP DE PARACHOQUE CALDINA GT ;;;;;;Parachoque DEL PAJERO JUNIOR ;0
;LL-AUX;LLANTA DE AUXILIO;1;;;;;Parachoque DEL STARLET PLOMO CON Alogeno;0
868;SCOOTER-LL;Llanta SCOOTER  VERDE ;;;;;;Parachoque DEL SURF HILUX METALICO 96 TY40165;0
999;LP-VAR;Luz DE PLACA VARIOS NEGRO;;;;;;Parachoque DEL SUZUKI VITARA ESCUDO ( 3 PuertaS ) TYG;0
348;1439-R;Luz DE RETRO HILUX SURF 92;;;;;;Parachoque DEL SUZUKI VITARA ESCUDO FIBRA;0
588;MA-CALDINAGT;Maletera CALDINA GT ;;;;;;Parachoque DEL TOYOTA CALDINA GT / CON Alogeno;0
1008;MA-CARIB98;Maletera CARIB 98;;;;;;Parachoque DEL TOYOTA LEVIN 96;0
1004;MA-EVO6;Maletera COMPLETA EVOLUCION 6;;;;;;Parachoque DELANTERO CORSA;1
;MA-LANCER-EVO4;Maletera Lancer evo 4 BLANCO;1;;;;;PARACHOQUE LANCER;0
553;MA-CHARIOT;Maletera MITSUBISHI CHARIOT GRANDIS;;;;;;PARACHOQUE RAV 4 97;1
558;MA-CHAN;Maletera NISSAN CARAVAN CHANCHO;;;;;;PARACHOQUE SPACIO ;1
585;MA-FORESTER2000;Maletera SUBARU FORESTER 2000;;;;;;Parachoque Subaru Domingo ;1
586;MA-IMPREZA;Maletera SUBARU WAGON IMPREZA;;;;;;Parachoque SUBARU FORESTER DELANTERO FIBRA TYPE;1
587;MA-VITARA ;Maletera Suzuki vitara A MUELLE;;;;;;Parachoque SUBARU FORESTER TRASERO FIBRA TYPE ;1
587;MA-CALDINA  ;Maletera TOYOTA CALDINA A MUELLE;;;;;;Parachoque TRAS CON SPOILER TOYOTA CALDINA GT ;0
579;MA-IPSUM;Maletera TOYOTA IPSUM 96 ;;;;;;Parachoque TRAS EP82 GT ;0
503;10-83-R;MASACARA TOYOTA RAV 4 TRD;;;;;;Parachoque TRAS FORESTER 97 ;0
576;62310-VE000;Mascara A VENIR AD 96 VERIFICAR;;;;;;Parachoque TRAS MAZDA BONGO ;0
1051;53130-95J05-R;Mascara ATRAIL Blanco ;;;;;;Parachoque TRAS MITSUBISHI JUNIOR;0
884;62411-L;Mascara CARAVAN K20  CROMADO;;;;;;Parachoque TRAS NISSAN CARAVAN K20  CHANCHO;0
1053;53111-88110;Mascara CARIB ;1;;;;;Parachoque TRAS TOYOTA COROLLA 90 SEDAN ;0
1058;M-CARINA-C;Mascara CARINA 85 CROMADO;1;;;;;Parachoque TRASERO EVO 6 FIBRA;0
1059;M-CARINA-B;Mascara CARINA 85 NEGRO;;;;;;Parachoque TRASERO FORESTER 2000;0
573;53111-13120;Mascara CARINA 89;;;;;;PARACHOQUE TRASERO MITSUBISHI EVO 9;0
580;53114-12060;Mascara CUSTOM CROMADO GUIADOR LARGO;;;;;;Parachoque TRASERO SURF 96 3 PIEZAS;0
1083;62310-70N00;Mascara CUSTOM NISSAN  CROMADO 215-1575;;;;;;PARACHOQUE TRASERO SUZUKI GRAN VITARA ;0
;62310-N00;Mascara CUSTUM CROMADO CON NEGRO 215-1575;;;;;;Pastilla DE FRENO NAKHATAM SUABRU STI;0
552;M-DATSUN;Mascara DATSUN DOBLE Farol REDONDO;;;;;;Pastilla DE SUBARU FRENO ;0
564;DS07117GA;Mascara DS07050GA SUNNY B11;;;;;;Perno barra estabilizador Turinng Mod. 97~98~99~  Largo  TERRANO;0
136;553-1101-LDEM2-R;Mascara GRAN VIA 98;;;;;;PERNO ESTABILIZADOR MEDIANO TOY UNI 14 PC 164,5MMX8MM);20
571;53101-20200;Mascara HIACE CUSTOM 89 212-1221 TY07081GA;1;;;;;PISADERA DE SUBARU FORESTER VARIOS;0
1056;TY07081GA-O;Mascara HIACE Mod LETRAS ORIGIBNAL  89 07081GA TONG YANG;1;;;;;PORTA ALÓGENOS MITSUBISHI JUNIOR SOBRE EL PARACHOQUE;0
;M-JIM-U;MASCARA JIMMY ( USADO );1;;;;;Porta placa  CELICA 90-93;0
1108;F-PD-FORESTER;Mascara Junior;1;;;;;Porta placa CHARIOT GRANDIS;0
961;53131-13020-R;Mascara LEVIN AE 86;;;;;;Porta placa DE Maletera SURF;0
575;53111-95J02;Mascara MARINO TOYOTA;;;;;;PRECAP NISSAN CARAVAN ROTULA CHANCHO;8
555;MB645720;Mascara MITSUBISHI MONTERO NEGRO;;;;;;PRENSA EXEDY SUZUKI APV;0
1057;62310-VW100;MASCARA NISSAAN CUSTOM CROMADO;;;;;;Prensa Subaru DOMINGO;0
137;661-1165-L;Mascara NISSAN MARCH ;;;;;;Puerta MITSUBISHI LANCER EVOLUTION 6 ( Delantero Derecho );0
138;661-1165-R;Mascara NISSAN MARCH ;;;;;;Puerta MITSUBISHI LANCER EVOLUTION 6 ( Delantero Isquierdo );0
577;53111-95J25;Mascara STOUT TY07023;1;;;;;Puerta MITSUBISHI LANCER EVOLUTION 6 ( Trasero Derecho );0
727;7307-L;Mascara SUZUKI SAMURAI ;;;;;;Puerta MITSUBISHI LANCER EVOLUTION 6 ( Trasero Isquierdo );0
567;72111-51010;MASCARA SUZUKI SWIFT IGNIS;;;;;;Puerta SUBARU FORESTER ( Delantero Derecho );0
572;53101-20340;Mascara TOYOTA 212-1228 CE-96;;;;;;Puerta SUBARU FORESTER ( Trasero Derecho );0
583;53101-52060;Mascara TOYOTA CARIN A;;;;;;Puerta SUBARU FORESTER ( Trasero Isquierdo );0
668;1121-R;Mascara TOYOTA ESTARLET ;;;;;;Puerta SUZUKU GRAN VITARA 99 JUEGO DE ( Delantero Derecho );0
556;53111-97503;Mascara TOYOTA HIACE  CUSTOM 92;1;;;;;Puerta SUZUKU GRAN VITARA 99 JUEGO DE ( Delantero Isquierdo );0
578;TY-2001;Mascara TOYOTA HIACE 212-1196;;;;;;Puerta SUZUKU GRAN VITARA 99 JUEGO DE ( Trasero Derecho );0
;M-TOY-RAV-F;MASCARA TOYOTA RAV 4 FIBRA DE VIDRIO ;1;;;;;Puerta SUZUKU GRAN VITARA 99 JUEGO DE ( Trasero Isquierdo );0
561;63320-K74151-L;Mascara URVAN E25 215-11A5;;;;;;Puerta TOYOTA IPSUM ( Delantero Isquierdo );0
291;E-FX;Mascara URVAN TYG;;;;;;PUERTA TRASERA B13;1
1052;MASC-VAR;Mascara VARIOS;;;;;;Radiador MITSUBISHI JUNIOR;0
728;7307-R;Mascara VITARA VRS AMERICANA;;;;;;Radiador NISSAN URVAN 01-06 E25;0
581;53111-1A140;Mascara VITZ;;;;;;Radiador RAV-4 Mod. 96~97~98~99~2000 L4/2.0 AT;1
;M-NISS-CHIN;MASCRA NISSAN URVAN E24 CHINO;;;;;;Radiador TOYOTA GT CALDINA;0
1202;MB-CALDINA;Mataburro Caldina 98;;;;;;REFLECTOR FJ40;7
1203;MB-MONTERO;Mataburro MONTERO 90;;;;;;Rejilla de Capot subaru impreza de carbono;4
584;PP-T10;Mataburro PLASTICO SURF ;;;;;;RETROVISOR DE CAPO TOYOTA HILUX SURF ;1
;212-1656-R;Media luz;1;;;;;Retrovisor Nissan Silvina 513;0
;212-1664-L;Media luz;1;;;;;RETROVISOR NISSAN SKYLINE R32;0
1067;28-112-R;Media Luz 212-15D5 DE HIACE ;;;;;;RETROVISOR TOYOTA HILUX MILENIUM CROMADO ;0
;333-1110-R;Media luz BONGO NARANJA;1;;;;;RODAMIENTO Motor F12;0
125;333-1172-L;Media luz BONGO NARANJA;1;;;;;RODAMIENTO SUBARU;1
;212-1670-PX-L;Media luz c/Guiñador COROLLA Mod. 84~85~86;1;;;;;RODAMIENTO SUBARU EJ 20 SIN TURBO ;0
;212-1670-PX-R;Media luz c/Guiñador COROLLA Mod. 84~85~86;1;;;;;RÓTULA HIACE LOBO 14X17;84
;215-1599-L;Media luz c/guiñador Nissan SUNNY Mod. 90~91;1;;;;;ROTULA/MUÑON  SUSPENSION INFERIOR NISSAN TERRANO 1996-1999 L/R;2
;215-1614-L;Media luz c/guiñador Nissan SUNNY Mod. 90~91;1;;;;;ROTULA/MUÑON  TOY STARLET CARAT GLANZA 95/98 R;1
;215-1593-L;Media luz c/guiñador Nissan URVAN Mod. 90~ Naranjado/Blanco;1;;;;;ROTULA/MUÑON SUSPENSION NISSAN NOTE 2002-2006 L/R;24
;215-1593-R;Media luz c/guiñador Nissan URVAN Mod. 90~ Naranjado/Blanco;1;;;;;RVR CON PLANXHA;1
;215-1593PXA;Media luz c/guiñador Nissan URVAN Mod. 90~Solo Blanco;1;;;;;SCOOTER;0
;315-1515-1-L;Media luz c/guiñador SENTRA Mod. 87 Naranja;1;;;;;SCOOTER CASCO;0
;315-1515-1-R;Media luz c/guiñador SENTRA Mod. 87 Naranja;1;;;;;SET;1
421;3200-R;Media luz c/guiñador Subaru FORESTER    Mod. 98~2005   U.S.A.;2;;;;;STOP ;1
;312-1646-R;Media luz CELICA Mod. 90~95 TUNNIG   BLACK-WHITE;2;;;;;Stop  TF D-MAX Mod.2002~2003~2004~2005~2006~2007;2
;312-19B8-L;Media luz CELICA Mod. 90~95 TUNNIG   BLACK-WHITE;2;;;;;Stop 4RUNNER Mod.88~91 ;2
;212-1636-R;MEDIA LUZ COROLLA 92 CRISTALIZADO ;;;;;;Stop AD 2006 215-194305;1
;212-1647-L;MEDIA LUZ COROLLA 92 CRISTALIZADO ;1;;;;;Stop ATLAS 215-1915;0
;212-1574-C-L;Media luz COROLLA Mod. 88~89~90~91;1;;;;;Stop ATRAIL ;0
;212-1580-K-L;Media luz COROLLA Mod. 88~89~90~91;3;;;;;Stop B11 CORTO;1
;212-15Y002-L;Media luz COROLLA Mod. 95 ~ 96 AE110. SAPITO;1;;;;;Stop B14 NISSAN ;1
;212-15Y002-R;Media luz COROLLA Mod. 95 ~ 96 AE110. SAPITO;1;;;;;Stop BLUBIRT 96 ;2
;212-1561-L;Media luz COROLLA Mod.85~86~87 BLANCO;1;;;;;Stop BONGO ;2
;212-1561-R;Media luz COROLLA Mod.85~86~87 BLANCO;1;;;;;Stop BOXY NOAH;2
;212-1573-1-L;Media luz COROLLA Mod.85~86~87 BY;1;;;;;Stop CALDINA 93;1
;212-1574-1-PXA-L;Media luz COROLLA Mod.85~86~87 BY;1;;;;;Stop CALDINA A MUELLE ;0
;212-1592-R;Media luz COROLLA Mod.92~93~94~95;;;;;;Stop CALDINA GT;1
;212-15C3-6-L;Media luz COROLLA Mod.92~93~94~95;2;;;;;Stop CALDINA TURING;0
;212-15C3-6-R;Media luz COROLLA Mod.92~93~94~95   Auto   Vagoneta    ;1;;;;;Stop CARIB 80 ;0
;212-15C9-L;Media luz COROLLA Mod.92~93~94~95   Auto   Vagoneta    ;2;;;;;Stop CARIB 90 ;0
1076;212-1616-R;Media luz COROLLA Mod.92~99;;;;;;Stop CARIB BZ CROMADO ;0
;212-1636-L;Media luz COROLLA Mod.92~99;;;;;;Stop CARINA;2
;212-15D8-L;Media luz CORONA CALDINA Mod.92~93~94~95~96~97 ;1;;;;;Stop CARINA92;2
;212-15D8-R;Media luz CORONA CALDINA Mod.92~93~94~95~96~97 ;1;;;;;Stop CELICA 90;0
44;212-1549-R;Media luz CRESSIDA  Mod. 83 ~ 84  RX62;1;;;;;Stop CELICA 99;0
;212-1553-L;Media luz CRESSIDA  Mod. 83 ~ 84  RX62;1;;;;;Stop CHANCHO CARAVAN ;2
45;212-1561-K-L;Media luz CRESSIDA  Mod. 85 ~ 86  RX70;2;;;;;Stop chevroletCOLORADO PICK UP GMC CANYON 2004~05~09~10~2011;1
46;212-1561-K-R;Media luz CRESSIDA  Mod. 85 ~ 86  RX70;2;;;;;Stop COHASTER 84/90;4
;320-1505-CH-L;Media luz DESCONOCIDO;;;;;;Stop COLT MITSUBISHI;0
;331-1524-L;Media luz FORD F150 Mod.2001~2002~2003;2;;;;;Stop COROLLA 2 ;1
;214-1556-L;Media luz GALANT Mod.89~90~91~92~93 E33A;1;;;;;Stop COROLLA 78;0
;214-1556-R;Media luz GALANT Mod.89~90~91~92~93 E33A;2;;;;;Stop COROLLA 83 212-1915;1
;214-1921-C-R;Media luz GALANT Mod.89~90~91~92~93 E33A;;;;;;Stop COROLLA 89;0
;214-1921-R;Media luz GALANT Mod.89~90~91~92~93 E33A;;;;;;Stop corolla 90;3
;2650-L;Media luz HIACE CUSTOM 96-2000;;;;;;Stop corolla 90 ;3
;2650-R;Media luz HIACE CUSTOM 96-2000;;;;;;Stop COROLLA 90 212-1954;0
;212-1580-L;Media luz HIACE Mod. 90~2000;;;;;;STOP COROLLA 92;1
50;212-15D8-K-R;Media luz HILUX Mod.92~93~94~95~96~97   CROME;1;;;;;Stop COROLLA 92 212-1967;1
49;212-15D8-K-L;Media luz HILUX Mod.92~93~94~95~96~97   CROME USA;;;;;;Stop COROLLA AE80 Mod. 84~85~86~87 AMARILLO ABAJO;1
;212-1603-5X-L;Media luz HILUX Mod.98~2000/Plomo;1;;;;;Stop COROLLA KE70;0
;212-1603-5X-R;Media luz HILUX Mod.98~2000/Plomo;1;;;;;Stop COROLLA KE75 212-1913;0
;212-15C9-R;Media luz HILUX RUNNER SURF Mod.92~93~94~95   CROMADO;1;;;;;Stop COROLLA Mod. 92-94 Auto;1
938;22002;Media Luz HONDA ACCORD Mod. 94~95~96~97~                           Par ;1;;;;;Stop COROLLA Mod. 92~94~95~96~97  Auto    AE - 110;3
;218-1107-L;Media luz HONDA ACCORD Mod.90~91;1;;;;;Stop COROLLA Mod. 98~2000                ;1
;218-1133-L;Media luz HONDA ACCORD Mod.90~91;1;;;;;Stop COROLLA Mod.98~99~2000  Auto    AE - 110;1
380;10-58-L;Media luz HONDA CIVIC 217-1520;;;;;;Stop COROLLA2;0
381;10-58-R;Media luz HONDA CIVIC 217-1520;;;;;;Stop CORONA 1 COLOR ;0
118;317-1522-R;Media Luz HONDA CIVIC Mod. 88~89~90~91~ ;1;;;;;Stop CORONA 90 ;0
119;317-1603-L;Media Luz HONDA CIVIC Mod. 88~89~90~91~ ;1;;;;;Stop CORONA 90 2 COLORES;2
;218-1133-R;Media luz HONDA CIVIC Mod.90 3D;;;;;;Stop CORONA 90 3 COLORES;0
84;218-1135-R;Media luz HONDA CIVIC Mod.90 3D;;;;;;Stop CORONA 99;0
120;317-1603-R;Media luz HONDA PRELUDE Mod. 92 ~ 96;;;;;;Stop CORONA 99 rojo y blanco ;0
946;317-1612-PTB-VS;Media luz HONDA PRELUDE Mod. 92 ~ 96;;;;;;Stop CORSA;0
;221-1979-L;Media luz HYUNDAI VAN H100.Minibus 96~97~98~99~2000~2001~2002~2003;1;;;;;STOP CRISTALIZADO NISSAN PATROL ;2
;222110-L;Media luz HYUNDAI VAN H100.Minibus 96~97~98~99~2000~2001~2002~2003;1;;;;;Stop DAIHATSU 95;0
;214-1938-PTB-L;Media luz LANCER Mod. 93~94~95~96 NARANJA Tunnig;1;;;;;Stop Daihatsu GRAND MAX TOWN ACE LITE ACE 08~09~10~11~12~13~14;2
;214-1938-PTB-R;Media luz LANCER Mod. 93~94~95~96 NARANJA Tunnig;1;;;;;Stop DAIHATSU ROCKY CRISTAL Tunnig;3
;214-1938-2-L;Media luz LANCER Mod. 93~94~95~96 NEGRO;;;;;;Stop DATSUN B310 1979;2
;214-1938-2-R;Media luz LANCER Mod. 93~94~95~96 NEGRO;;;;;;Stop DE LEGACY;0
;212-1654-R;Media luz LAND CRUISER  Mod.2003~2006 CROMADO;1;;;;;STOP DE MALETERA MITSUBISHI MONTERO (terecera luz );0
;212-1656-L;Media luz LAND CRUISER  Mod.2003~2006 CROMADO;1;;;;;Stop DELICA 93 L300 4X4 4G63  Mod 87~93;1
;212-1664-R;Media luz LAND CRUISER FJ45 Mod.74~75~76~78~79~80;1;;;;;Stop DODGE NITRO Mod. 2007~2008~2009~2010~2011;3
;212-1670-L;Media luz LAND CRUISER FJ45 Mod.74~75~76~78~79~80;1;;;;;Stop DODGE RAM  PICK UP Mod.2007~2008~;3
;212-1553-R;Media luz LAND CRUISER FJ75 Mod. 85~2002    Cromado;1;;;;;Stop DODGE RAM 1500 2500 PICK UP Mod.2002~2003~2004~2005~2006;2
;212-1560-K-L;Media luz LAND CRUISER FJ75 Mod. 85~2002    Cromado;1;;;;;Stop FORD EXPLORER MERCURY SPORT Mod.95~96~97~98~99~2000~2001~;1
1125;P0371-L;Media luz MAZDA BONGO Mod.2000~2001~2002 VANETTE  E2000 216-1555 PO371;1;;;;;Stop Ford RANGER Mod. 2008~2009~2010~2011;1
1126;P0371-R;Media luz MAZDA BONGO Mod.2000~2001~2002 VANETTE  E2000 216-1555 PO371;1;;;;;Stop FORD Universal                                  NEW;1
490;20-197-R;Media luz MITSIBISHI VERIFICAR;;;;;;Stop FORESTER2000;0
266;5770-R;Media luz MITSIBISHI VERIFICAR;;;;;;Stop FRONTIER 97~98~99~00~01~02 Americano Seguro COSTADO -19D4-19F9  ;1
;214-19C5-R;Media luz MITSUBISHI pajero 96;4;;;;;Stop FX;0
1177;21410-VW300;Media luz MITSUBISHI pajero 96;2;;;;;Stop GRAND VIA 212-19B3;0
;214-19A5-L;Media luz montero 92;;;;;;Stop HIACE CUADRADO ;0
;215-1910-2-R;Media luz Nissan BLUE BIRD Mod. 90-93(Auto);1;;;;;STOP HIACE LOBO TUNNIG ;0
;215-1915-L;Media luz Nissan BLUE BIRD Mod. 90-93(Auto);1;;;;;Stop HIACE Mod 84/87 ;1
;215-1962-L;Media luz Nissan PATROL ~ SAFARI  Mod. 95~96~97;1;;;;;Stop HIACE Mod. 90~2000 Minibus   LOBO;2
;215-1962-R;Media luz Nissan PATROL ~ SAFARI  Mod. 95~96~97;1;;;;;Stop HILUX Mod. 84~87 Borde negro;1
947;215-1552-L;Media luz Nissan patrol 95;1;;;;;Stop HILUX Mod. 88~91~92~93~94~95~96~97;1
;215-1915-R;MEDIA LUZ NISSAN SUNNY 90 ;2;;;;;Stop HILUX Mod. 98~2000;1
;215-1926-X-CR-L;MEDIA LUZ NISSAN SUNNY 90 ;1;;;;;Stop HILUX SUF 96;0
;315-1534-PXA;Media luz Nissan SUNNY SENTRA B13 Mod.1990~1991~ TSURU-III USA ;1;;;;;Stop HILUX VIGO Mod. 2011~2012~2013~2014 Tailandes;3
;315-1927-L;Media luz Nissan SUNNY SENTRA B13 Mod.1990~1991~ TSURU-III USA ;2;;;;;Stop HILUX VIGO REVO   Mod. 2015~2016~2017~2018. DEPO;1
;214-19A1-R;Media luz PAJERO MONTERO Mod. 92~93~94;2;;;;;Stop HONDA CRV;2
1112;214-1941-L;Media luz PAJERO MONTERO Mod. 94~95~96~97;1;;;;;Stop HONDA EG;2
;214-1941-R;Media luz PAJERO MONTERO Mod. 94~95~96~97;1;;;;;Stop HONDA EK;0
;315-1934-PTU-VC;Media luz PATHFINDER Mod.96~2000         USA     Cromado;1;;;;;Stop HONDA VARIOS;0
985;3162-L;Media luz PATHFINDER Mod.96~2000         USA     Cromado;1;;;;;Stop HYUNDAI H1 STAREX 2008~09~10~11~12~13~14~15~16~2017;1
;13-29-L;Media luz PATHFINDER REGULOS;;;;;;STOP HYUNDAI I10 2011-2012;0
785;13-29-R;Media luz PATHFINDER REGULOS;;;;;;STOP HYUNDAI I10 2014-2016;1
290;3485-R;Media luz PRESEA VERIFICAR BLUE BIRD;;;;;;Stop IMPREZA;0
275;3488-2-R;Media luz PRESEA VERIFICAR BLUE BIRD;;;;;;Stop INTEGRA HONDA;0
;212-1580-K-R;Media luz RUNNER Mod.88~89~90~91~92 Cromado;1;;;;;Stop IO;0
47;212-1592-L;Media luz SPRINTER Mod. 87~88~89~90~;1;;;;;Stop IPSUM;0
;212-1592-B-K-L;Media luz STARLET Mod.84~87;1;;;;;Stop ISUZU LUV Mod.89~90~91~92~93~94~95~96 CROMADO Camioneta KB42 ;2
;212-1592-B-K-R;Media luz STARLET Mod.84~87;1;;;;;Stop ISUZU LUV Mod.89~90~91~92~93~94~95~96 NEGRO Camioneta KB42 ;1
100;220-1608 pxa-R;Media luz SUBARU  IMPREZA  4D~5D Mod. 97~99.     Amarillo      PAR;1;;;;;Stop ISUZU TROOPER 92~93~94~95~96~97~98~99~00~01~02 Wagon;1
;320-1506-R;Media luz Subaru FORESTER  Mod. 98~99~00~01~02~03~2004~2005;1;;;;;Stop JEEP GRAN CHEROKEE 84~85~86~87~88~89~93~94~95~96~;6
420;3200-L;Media luz Subaru FORESTER  Mod. 98~99~00~01~02~03~2004~2005;1;;;;;Stop jimmy led;2
1078;3429-L;Media luz subaru Forester original blanco;1;;;;;Stop KIA RIO IV  Mod. 2016~2017~2018~2019~2020~;2
1079;3429-R;Media luz subaru Forester original blanco;1;;;;;Stop KIA RIO IV Mod. 2016~2017~2018~2019~2020~ ;0
1047;220-20491-R;Media luz SUBARU IMPREZA 4D~5D Mod. 97~99 Naranja;;;;;;Stop LAND CRUISER FJ100 Mod 2005~2006~ ;1
;214-1119PXRD-2;Media luz SUNNY B11;;;;;;Stop LAND CRUISSER  FJ75 Mod.84~85~86~87~88 Wagon;1
;214-1119-R;Media luz SUZUKI SWIF VERIFICAR;;;;;;Stop LAND CRUISSER  FJ82  Mod. 93~94~95~96~97 ;3
839;28-97-R;Media luz TOWN ACE 78;1;;;;;Stop LAND CRUISSER  FJ82  Mod. 93~94~95~96~97 JAPONES;2
838;28-97-L;Media luz TOWN ACE 78 ;1;;;;;Stop LAND CRUISSER DINA Mod.74~81 UNIVERSAL;2
;312-1549-PXU-L;Media luz Toyota 4RUNNER Mod. 96;;;;;;Stop LAND CRUISSER FJ60/62 Mod. 81~89 Wagon  ;1
;312-1549-PXU-R;Media luz Toyota 4RUNNER Mod. 96;;;;;;Stop LAND CRUISSER FJ70-LT79 Mod. 93~2020 Wagon;3
;212-15F4-L;MEDIA LUZ TOYOTA CALDINA;;;;;;Stop LEVIN AE 92;0
;212-15F4-R;MEDIA LUZ TOYOTA CALDINA;1;;;;;Stop LEVIN TOYOTA LEVIN 90;1
1074;212-1611-L;Media luz Toyota COROLLA CARIB Mod.98~ Redondo  ROSSO;3;;;;;Stop LEVN 92;0
1075;212-1611-R;Media luz Toyota COROLLA CARIB Mod.98~ Redondo  ROSSO;4;;;;;Stop LITE ACE  212-1983;0
;212-1670-R;Media luz Toyota HIACE Mod.84~89;;;;;;Stop LITE ACE 212-1983;0
;212-1580-R;Media luz Toyota HIACE Mod.90~02;4;;;;;Stop MARCH  ;0
181;2960-L;Media luz TOYOTA LITE ACE 212-1516 MOD 82;;;;;;Stop Mazda BT-50 Mod.2012~2014 Pick Up Camioneta;0
182;2960-R;Media luz TOYOTA LITE ACE 212-1516 MOD 82;1;;;;;Stop MAZDA BT-50 Mod.2015~2016~2017~2018~2019~2020;1
1171;87017;Media luz Toyota NOAH Mod.96~97~98 212-15H2-K;1;;;;;Stop MIRAGE SPACE STAR  Mod. 2012~2013~2014~2015  ;1
;212-1647-R;Media luz Toyota PRADO CRISTAL FJ90/LJ95 Mod.2000~2001~2002;;;;;;STOP MITSUBISHI CARISMA 97-99;0
;212-1654-L;Media luz Toyota PRADO CRISTAL FJ90/LJ95 Mod.2000~2001~2002;1;;;;;Stop MITSUBISHI CHARIOT GRANDIS;0
;215-1926-X-CR-R;Media Luz URVAN CARABAN CUSTOM EUROPEO. 87~88~94~95~2001;1;;;;;Stop MITSUBISHI COULT 3 1989;2
950;215-1942-R;Media Luz URVAN CARABAN CUSTOM EUROPEO. 87~88~94~95~2001;1;;;;;Stop MITSUBISHI GALANT ;0
;215-1968-PXA-R;Media luz X-TRAIL Mod. 2001 ~ 2005 ;1;;;;;Stop MITSUBISHI JUNIOR;2
85;218-1136-L;MIEDIA LUZ HONDA CIVIC 88;;;;;;Stop Mitsubishi LANCER Mod. 92~93~94~95~96 LIBERO;1
86;218-1136-R;MIEDIA LUZ HONDA CIVIC 88;1;;;;;STOP MITSUBISHI MONTERO BORDE NEGRO ;2
;00-212-1647-L;"Mu;on  ";2;;;;;Stop Mitsubishi MONTERO PAJERO Mod. 2007~2008;1
;00-212-1951-L;"MU;ON SUPENCION BUFALO";12;;;;;Stop MITSUBSHI DELICA;0
;SPTY;"MU;ON SUPENCION HILUX 92";1;;;;;Stop MONTERO 214-1922;2
;870043;"Mu;on suspencion inferior KING LONG 2018";8;;;;;Stop MONTERO Mod. 92~93~94~95~96~97 Cromado;1
;860110;Muñón de dirección / Terminal YOITOKI. SE-2651;54;;;;;Stop MONTERO Mod. 92~93~94~95~96~97 Negro;2
1011;MD-VARIOS;Muñon DE DIRECCION VARIOS;;;;;;Stop MONTERO Mod. 92~93~94~95~96~97 TUNING PARTS    PAR;3
18;860046;MUÑON DE ESTAB.  NISSAN B12/B13;1;;;;;Stop MONTERO NATIVA 2000~01~02~03~04~05~09~10~11~12~13~2014;1
;860044;Muñon de Estabilizador RUNNER YOITOKI Universal;1;;;;;Stop NA 20 URVAN 215-1942;2
1012;MS-VARIOS;Muñon DE SUSPENCION  VARIOS;;;;;;Stop nissan AD 99 wingroad;2
25;860073;Muñon de suspensión NOAH ~ LITEACE Superior YOITOKI Sin grasera blindado;15;;;;;Stop NISSAN AD WAGON ;0
;860093;Muñon de suspension VANETTE BONGO Superior 00-06;11;;;;;Stop NISSAN AD Y10;1
1168;860121;Muñon DIRECCION 124848;2;;;;;Stop Nissan ATLAS / CABSTAR H40 Mod.94 Camion;2
1158;860119;Muñon DIRECCION CALDINA R;;;;;;Stop NISSAN B11 LARGO;0
4;124848;Muñon DIRECCION COROLLA 78;;;;;;Stop NISSAN CUSTOM E 24;2
1152;860142;Muñon DIRECCION HIACE CHINO ROSCA 15;40;;;;;STOP NISSAN FRONTIER PICK UP MODELO 97-98-99-00-01 TUNING;2
;671070;Muñon DIRECCION HIACE CUADRADO /HILUX 89;;;;;;Stop NISSAN MARCH 97 a rayas ;2
;AM07009HB-R;Muñon DIRECCION HIACE ROSCA 15;2;;;;;Stop Nissan PATROL ~ SAFARI  Mod. 2000~2004  NEW;2
;860122;Muñon DIRECCION LOBO ROSCA 17;;;;;;Stop NISSAN PHATFINDER ;1
28;870014;Muñon DIRECCION LUCIDA;1;;;;;Stop Nissan PICK-UP Camioneta Minidatsun;2
;860326;Muñon DIRECCION NISSAN LUCIDA;1;;;;;Stop Nissan PICK-UP Mod.86/93/97 Camioneta  ROJO Y BLANCO;4
1167;860128;Muñon DIRECCION PROBOX;2;;;;;Stop NISSAN PULSAR ;0
;870026;Muñon DIRECCION SUZUKI SX4 SWIFT;;;;;;Stop NISSAN SERENA;0
;860271;MUÑON ESTABILIZADOR DEL TOY RAV4 96/98;2;;;;;STOP NISSAN SKYLINE ;0
;860050;Muñon Estabilizador largo NOAH SUZUKI;;;;;;Stop NISSAN SUNNY B12;0
11;860033;MUÑÓN ESTABILIZADOR LARGO UNIVERSAL ;47;;;;;Stop NISSAN SUNNY B13 DOBLE LINEA 215-1991;3
;860155;Muñon Estabilizador PROBOX;1;;;;;Stop Nissan SUNNY SENTRA B12 Mod.87~88~89  ;2
1139;R-KEYTON;Muñon KEYTON ;;;;;;Stop Nissan URVAN Mod.90~ E24 Minibus E2;0
1179;870027;Muñon KING LONG ;;;;;;STOP ORIGINAL DELICA;2
;860301;Muñon Muñon RUNNER;;;;;;STOP PATROL 2002;2
1178;870028;Muñon SIRECCION KING LONG ROSCA 14;26;;;;;Stop PRELUDE ;0
;860065;Muñon SUSPENCIO HIACE INFERIOR;23;;;;;Stop PRESSEA ;2
695;4339-R;MUÑÓN SUSPENCION HIACE SUP SON PERNOS;9;;;;;Stop RAV 4 ADVANTAGE  Mod. 2001~2002~2003~2004~ Tipo Europeo Manual;1
;860016;MUÑÓN SUSPENCION HILUX 92;2;;;;;Stop rav4 97;2
;00-212-1951-R;MUÑÓN SUSPENCION HYUNDAI H1 FURGON CAPTIVA CHEVROLET BONGO CAMIONETA;2;;;;;Stop REFLEX EP91;0
;870124;MUÑÓN SUSPENCION INF MONTERO SPORT DELICA ;;;;;;STOP RENAULT CAPTUR;0
;00-212-1647-R;MUÑÓN SUSPENCION MONTERO NATIVA PAJERO TRITON GALOPER;2;;;;;Stop Renault DUSTER  Mod.2013~2014~2015~2016~;1
;860075;Muñon SUSPENCION NISSAN CHANCHO;8;;;;;Stop Renault DUSTER Mod.2013~2014~2015;2
38;870122;MUÑON suspencion superior  NATIVA IO TRITON  PAJEROMONTERO ;4;;;;;STOP RENAULT KIWID;0
;860066;MUÑÓN SUSPENCION SUPERIRO HIACE LOBO ;6;;;;;Stop Renault KOLEOS Mod.2008~2009~2010~2011~2012~13~2014~2015~;2
24;860072;MUÑÓN SUSPENCION TOYOTA TERCEL ;;;;;;Stop Renault SANDERO STEPWAY Mod. 2012~2013~2014~2015;0
26;860090;MUÑÓN SUSPENCION VANNETE BONGO INFERIOR MAZDA;3;;;;;Stop RVR 92 ;2
1163;860070;Muñon SUSPENO DEL PROBOX;6;;;;;Stop RVR BI COLOR;0
1149;860062;Muñon SUSPENSIÓN CALDINA 97;63;;;;;Stop SENTRA Mod. 92~93 Auto;2
;860061;Muñon SUSPENSIÓN COROLLA 90 L;34;;;;;Stop SOLEI EP82;0
21;860060;Muñon SUSPENSIÓN COROLLA 90 R;5;;;;;Stop SOLEI EP82 ;0
1175;860100;Muñon SUSPENSION HIACE CUADRADO ;12;;;;;Stop SPRINTER 93;0
737;4340-L;Muñon SUSPENSIÓN HIALUX 92 SUPERIOR MARCA BIG;3;;;;;Stop stanley;4
1160;860069;Muñon SUSPENSIÓN INFERIOR NOAH LITE ACE;18;;;;;Stop STARLET;1
1184;43330-39245-SUP;Muñon SUSPENSIÓN LAND CRUISER;;;;;;Stop STARLET EP82;0
;860063;Muñon SUSPENSIÓN MINIBUS URVAN 90 ABAJO;31;;;;;Stop STARLET EP82 TURBO;0
22;860064;Muñon SUSPENSIÓN MINIUS NISSAN URVAN 90 ;21;;;;;Stop starlet gt glanza;2
1166;860067;Muñon SUSPENSIÓN RAV 4 ;;;;;;Stop SUABU DOMINGO;1
;43350-29065;Muñon TOYOTA HILUX  STOUT INFERIOR;;;;;;Stop SUABU DOMINGO RASPADILLO EF 12;1
1156;43350-39125;Muñon TOYOTA HILUX  STOUT SUPERIOR;;;;;;Stop SUBARU 97;0
1157;860127;MuñonES SUSPENSIÓN PROBOX ISQUIERDO;;;;;;Stop SUBARU DOMINGO;0
9;860029;NUCLEO DE TRICETA TOY.AE80 23*24*23;8;;;;;STOP SUBARU IMPREZA ROJO BLANCO WAGON ;0
10;860030;PALIER COMPLETO TOYOTA IPSUM;3;;;;;Stop SUBARU LEGACY 92 VERIFICAR MOD;0
;DS07055GB;PARACHOQUE ;;;;;;Stop SUNNY B13 215-1967;1
;850022;Parachoque CARINA VERIFICAR;;;;;;Stop SUNNY SENTRA Mod. ~2000~2001~2002~2003~2004;1
197;5259-L;Parachoque COROLLA 98 SALOM;;;;;;Stop SUNNY SENTRA Mod.92~93~94~95~96~97~98~99~2000~01~2002;1
;71811-65D30;Parachoque DEL GRAN VITARA 99 SZ04050BA;;;;;;STOP SUZUKI APV PASAJEROS;0
1003;52119-16280;Parachoque DEL HILUX 93 METALICO 212-1638;;;;;;Stop Suzuki SAMURAI;0
599;PD-IO;Parachoque DEL MITSUBISHI IO ;;;;;;STOP SUZUKI VITARA XL7 CRISTALIZADO ;3
267;6219-L;Parachoque DEL NISSAN CUSTOM NA20 ( BLANCO / PLOMO);;;;;;Stop Suzuqui  VITARA/ESCUDO 90/9..;1
1095;6207C3;Parachoque DEL NISSAN SUNNY B14 ( VERDE / BLANCO );;;;;;Stop Suzuqui CARRY EVERY WAGON Mod.2003~2004    SUZUQUI  APV;1
601;PD-JUNIOR;Parachoque DEL PAJERO JUNIOR ;;;;;;Stop Suzuqui ERTIGA Mod. 2011 2012~2013~2014;1
605;PD-STARLET92;Parachoque DEL STARLET PLOMO CON Alogeno;;;;;;Stop Suzuqui GRAN VITARA Mod.2005 Cristal 2;2
607;PD-SURF96;Parachoque DEL SURF HILUX METALICO 96 TY40165;;;;;;"Stop Suzuqui PRONTO 99/2000 EVERY 2000 ""SUZUKI"" Zapatito  Blanco/Rojo";1
870;SZ04011BA;Parachoque DEL SUZUKI VITARA ESCUDO ( 3 PuertaS ) TYG;;;;;;Stop Suzuqui SWIFT Mod. 90 CULTUS;1
608;PD-ESCUDO;Parachoque DEL SUZUKI VITARA ESCUDO FIBRA;;;;;;Stop Toyota 4RUNNER Mod. 2013~2014~2015~2016~2017. LED;0
189;5277-R;Parachoque DEL TOYOTA CALDINA GT / CON Alogeno;;;;;;STOP TOYOTA CALDINA A MUELLE ROJO BLANCO ;0
600;T10-TS0P;Parachoque DEL TOYOTA LEVIN 96;;;;;;Stop TOYOTA CARINA 91;0
591;52119-21020;Parachoque DELANTERO CORSA;1;;;;;Stop TOYOTA COROLLA 212-1935-1;1
;MB04027;PARACHOQUE LANCER;;;;;;Stop Toyota COROLLA Mod 2014~2015~2016~2017~2018~2019  ;1
;TY04088BA;PARACHOQUE RAV 4 97;1;;;;;STOP TOYOTA CORONA 1983 (rojo / Naranja);0
1193;52119-1E500;PARACHOQUE SPACIO ;1;;;;;Stop TOYOTA CORONA con retro;1
;P-SUB-DOM-92;Parachoque Subaru Domingo ;1;;;;;Stop Toyota HIACE Mod. 90~ minibus LOBO;1
2;120079;Parachoque SUBARU FORESTER DELANTERO FIBRA TYPE;1;;;;;Stop TOYOTA LEVIN ;0
;120654;Parachoque SUBARU FORESTER TRASERO FIBRA TYPE ;1;;;;;Stop Toyota PRADO CRISTAL TUNING 95/99 FJ90 VAGONE;2
592;PT-CALDINA;Parachoque TRAS CON SPOILER TOYOTA CALDINA GT ;;;;;;Stop TOYOTA SINOS VERIFICAR;0
604;PT-STARLET92;Parachoque TRAS EP82 GT ;;;;;;Stop TOYOTA SUCCED 212-19Y002;0
606;PT-FORESTER;Parachoque TRAS FORESTER 97 ;;;;;;Stop TOYOTA TERCEL;2
936;197001;Parachoque TRAS MAZDA BONGO ;;;;;;Stop TOYOTA WINDOWN;0
602;PT-JUNIOR;Parachoque TRAS MITSUBISHI JUNIOR;;;;;;Stop TRUENO 90 ;0
594;PT-E25;Parachoque TRAS NISSAN CARAVAN K20  CHANCHO;;;;;;Stop TRUENO 90  AE92;0
595;PT-AE91;Parachoque TRAS TOYOTA COROLLA 90 SEDAN ;;;;;;Stop TRUENO 96;1
603;PT-EVO6-F;Parachoque TRASERO EVO 6 FIBRA;;;;;;Stop universal BUS 2000 Claro;2
1005;PT-FORESTER2000;Parachoque TRASERO FORESTER 2000;;;;;;Stop VERIFICAR;0
;MB574333;PARACHOQUE TRASERO MITSUBISHI EVO 9;;;;;;Stop VIATARA ESCUDO;1
1002;PT-SURF96;Parachoque TRASERO SURF 96 3 PIEZAS;;;;;;Stop VITARA CHEVROLET TRACKER     Mod.98~03;1
566;72111-77E00;PARACHOQUE TRASERO SUZUKI GRAN VITARA ;;;;;;Stop VITARA ESCUDO ;1
;C-860064;Pastilla DE FRENO NAKHATAM SUABRU STI;;;;;;Stop VITARA Mod. 2015~2016~2017;0
;C-860039;Pastilla DE SUBARU FRENO ;;;;;;Stop VITZ;1
20;860048;Perno barra estabilizador Turinng Mod. 97~98~99~  Largo  TERRANO;;;;;;Stop Volkswagen AMAROK Mod.2009~2010~2011~2012~    Manual Negro;4
;603252;PERNO ESTABILIZADOR MEDIANO TOY UNI 14 PC 164,5MMX8MM);20;;;;;Stop Volkswagen GOLD Mod.2013~2014~2015~2016~ 5 puertas ;2
922;PIS-VAR;PISADERA DE SUBARU FORESTER VARIOS;;;;;;Stop Volkswagen SAVEIRO Mod. 2010~2011~2013~2014~2015;0
;PALOGENOS-MIT-JUN;PORTA ALÓGENOS MITSUBISHI JUNIOR SOBRE EL PARACHOQUE;;;;;;Stop-LANCER 92 214-1942;0
613;76801-35030;Porta placa  CELICA 90-93;;;;;;SWITCH SUZUKI VITARA ESCUDO DERECHO ;0
611;MR-275638;Porta placa CHARIOT GRANDIS;;;;;;Tacometro;0
630;8030-L;Porta placa DE Maletera SURF;;;;;;Tapa central de tablero subaru forester;6
;870017;PRECAP NISSAN CARAVAN ROTULA CHANCHO;8;;;;;Tapa de alogeno subaru forester 97-2000 NEGRO;0
;SZC-527;PRENSA EXEDY SUZUKI APV;;;;;;Tapa de alogeno subaru forester 97-2001 BLANCO;6
1204;FJC506;Prensa Subaru DOMINGO;;;;;;Tapa de alogeno subaru forester 97-2001 GRID PLOMO;0
617;PU-EVO6-D-R;Puerta MITSUBISHI LANCER EVOLUTION 6 ( Delantero Derecho );;;;;;Tapa de alogeno subaru forester 97-2001 GRIS PLOMO;0
616;PU-EVO6-D-L;Puerta MITSUBISHI LANCER EVOLUTION 6 ( Delantero Isquierdo );;;;;;Tapa de alogeno subaru forester 97-2001 NEGRO;0
619;PU-EVO6-T-R;Puerta MITSUBISHI LANCER EVOLUTION 6 ( Trasero Derecho );;;;;;Tapa de alogeno subaru forester 97-2001 SIN LOGO;0
618;PU-EVO6-T-L;Puerta MITSUBISHI LANCER EVOLUTION 6 ( Trasero Isquierdo );;;;;;TAPA DE CARBONO DE MOTOR LEGACY ;1
620;PU-FORESTER-D-R;Puerta SUBARU FORESTER ( Delantero Derecho );;;;;;TAPA DE FRENO DE MANO COROLLA AE86;0
622;PU-FORESTER-T-R;Puerta SUBARU FORESTER ( Trasero Derecho );;;;;;TAPA DE HALOGENO IMPREZA;6
621;PU-FORESTER-T-L;Puerta SUBARU FORESTER ( Trasero Isquierdo );;;;;;TAPA DE STOP NISSAN CUSTOM FIBRA;4
624;PU-GVITARA-D-R;Puerta SUZUKU GRAN VITARA 99 JUEGO DE ( Delantero Derecho );;;;;;Tapa de TABLERO FORESTER 97-2000 FIBRA;0
623;PU-GVITARA-D-L;Puerta SUZUKU GRAN VITARA 99 JUEGO DE ( Delantero Isquierdo );;;;;;Tapabarro FORESTER Mod. 98~99~2000~2001~2002;0
626;PU-GVITARA-T-R;Puerta SUZUKU GRAN VITARA 99 JUEGO DE ( Trasero Derecho );;;;;;TAPABARRO HILUX SURF ;0
625;PU-GVITARA-T-L;Puerta SUZUKU GRAN VITARA 99 JUEGO DE ( Trasero Isquierdo );;;;;;Tapabarro lancer 2006;2
627;PU-IPSUM-D-L;Puerta TOYOTA IPSUM ( Delantero Isquierdo );;;;;;TERCERA LUZ DE SUZUKI AWIFT 2017;0
;PT-B13-R;PUERTA TRASERA B13;1;;;;;TERMINAL DE DIRECCION NISSAN E25 SE-4971;10
632;RAD-JUNIOR;Radiador MITSUBISHI JUNIOR;;;;;;TERMINAL DIREC TOY KE70 LARGO CURVEADO;0
;215-1510;Radiador NISSAN URVAN 01-06 E25;;;;;;TERMINAL DIREC.  NISSAN E24 1991-2002 L/R;12
;TY37023A;Radiador RAV-4 Mod. 96~97~98~99~2000 L4/2.0 AT;1;;;;;TERMINAL DIREC. TOY KE70 78/87 T/TRAS CORTO;2
635;RAD-CALDINAGT;Radiador TOYOTA GT CALDINA;;;;;;TOMA AIRE FORESTER;1
;214-1119-L;REFLECTOR FJ40;7;;;;;TOMA AIRE IMPREZA;1
;REJ-C-SUB;Rejilla de Capot subaru impreza de carbono;4;;;;;TOMA DE AIRE TSUNAMI SUBARU FORESTER ;0
822;53-07601-R;RETROVISOR DE CAPO TOYOTA HILUX SURF ;1;;;;;TOMA DE AIRE TSUNAMI SUBARU IMPREZA ;0
256;N26-L;Retrovisor Nissan Silvina 513;;;;;;TOMA DE AIRE TSUNAMI UNIVERSAL CARBONO ;0
269;8112-L;RETROVISOR NISSAN SKYLINE R32;;;;;;TOYOTA ;0
270;8112-R;RETROVISOR NISSAN SKYLINE R32;;;;;;TOYOTA EP82;0
;TY8002B-L;RETROVISOR TOYOTA HILUX MILENIUM CROMADO ;;;;;;TRACERO DERECHO ;1
268;6219-R;RODAMIENTO Motor F12;;;;;;TURBO NUEVO SUBARU EJ20 TURBO ;0
1096;PJ18;RODAMIENTO SUBARU;1;;;;;TURBO TD04;0
;312-1141-L;RODAMIENTO SUBARU EJ 20 SIN TURBO ;;;;;;UNIVERSAL ;0
;400403;RÓTULA HIACE LOBO 14X17;84;;;;;VARIOS VERIFICAR;0
1138;860096;ROTULA/MUÑON  SUSPENSION INFERIOR NISSAN TERRANO 1996-1999 L/R;2;;;;;Velocimetro SUBARU forester;0
23;860071;ROTULA/MUÑON  TOY STARLET CARAT GLANZA 95/98 R;1;;;;;Velocimetro SUBARU impreza;0
;860074;ROTULA/MUÑON SUSPENSION NISSAN NOTE 2002-2006 L/R;24;;;;;Velocimetro SUBARU lite ace;0
1048;13-28-R;RVR CON PLANXHA;1;;;;;Vidrio de farol COROLLA Mod. 92~95;3
866;SCOOTER;SCOOTER;;;;;;0;156
867;SCOOTER-CA;SCOOTER CASCO;;;;;;Total;1681
1136;2618;SET;1;;;;;;
;317-1509PXA;SET;;;;;;;
;214-1140-R;STOP ;1;;;;;;
;214-1146-R;Stop  TF D-MAX Mod.2002~2003~2004~2005~2006~2007;2;;;;;;
;212-19D5PXA-L;Stop 4RUNNER Mod.88~91 ;1;;;;;;
;212-19D5PXA-R;Stop 4RUNNER Mod.88~91 ;1;;;;;;
640;220-51328-R;Stop AD 2006 215-194305;1;;;;;;
691;4294-L;Stop ATLAS 215-1915;;;;;;;
1176;43310-39016;Stop ATLAS 215-1915;;;;;;;
660;220-61871-R;Stop ATRAIL ;;;;;;;
726;220-63436-R;Stop ATRAIL ;;;;;;;
1183;43330-39245-INF;Stop B11 CORTO;1;;;;;;
992;1132-215-R;Stop B14 NISSAN ;;;;;;;
155;114-20257-TW-R;Stop B14 NISSAN ;1;;;;;;
278;4766-L;Stop BLUBIRT 96 ;1;;;;;;
;4779-L;Stop BLUBIRT 96 ;1;;;;;;
;220-75539-L;Stop BONGO ;1;;;;;;
823;220-75539-R;Stop BONGO ;1;;;;;;
749;J21-L;Stop BOXY NOAH;1;;;;;;
750;J21-R;Stop BOXY NOAH;1;;;;;;
;212-19W6-L;Stop CALDINA 93;1;;;;;;
;7362-R;Stop CALDINA A MUELLE ;;;;;;;
1201;13-42-R;Stop CALDINA GT;;;;;;;
766;13-55-L;Stop CALDINA GT;1;;;;;;
966;7426-L;Stop CALDINA TURING;;;;;;;
967;7426-R;Stop CALDINA TURING;;;;;;;
609;71711-85D30;Stop CARIB 80 ;;;;;;;
;71741-80G00;Stop CARIB 80 ;;;;;;;
473;12-372-L;Stop CARIB 90 ;;;;;;;
474;12-372-R;Stop CARIB 90 ;;;;;;;
795;16-115-R;Stop CARIB BZ CROMADO ;;;;;;;
963;16-45-L;Stop CARIB BZ CROMADO ;;;;;;;
1119;2068-R;Stop CARINA;1;;;;;;
1041;2074-L;Stop CARINA;1;;;;;;
;53-08409-R;Stop CARINA92;1;;;;;;
806;53-12003-L;Stop CARINA92;1;;;;;;
;33-09311-L;Stop CELICA 90;;;;;;;
987;21-35-L;Stop CELICA 99;;;;;;;
988;21-35-R;Stop CELICA 99;;;;;;;
707;4188-L;Stop CHANCHO CARAVAN ;1;;;;;;
708;4188-R;Stop CHANCHO CARAVAN ;1;;;;;;
1072;3353-L;Stop chevroletCOLORADO PICK UP GMC CANYON 2004~05~09~10~2011;1;;;;;;
;212-1974-R;Stop COHASTER 84/90;2;;;;;;
;212-1989-L;Stop COHASTER 84/90;2;;;;;;
369;05-31-R;Stop COLT MITSUBISHI;;;;;;;
465;05-32-L;Stop COLT MITSUBISHI;;;;;;;
1009;16X7JJ-5;Stop COROLLA 2 ;;;;;;;
288;1739-R;Stop COROLLA 2 ;1;;;;;;
851;12-301-R;Stop COROLLA 78;;;;;;;
799;12-327-R;Stop COROLLA 83 212-1915;1;;;;;;
345;1478-L;Stop COROLLA 89;;;;;;;
344;1478-R;Stop COROLLA 89;;;;;;;
;212-19F9-R;Stop corolla 90;3;;;;;;
;212-19H2-L;Stop corolla 90 ;3;;;;;;
;12-84-R;Stop COROLLA 90 212-1954;;;;;;;
715;33-10505-L;STOP COROLLA 92;1;;;;;;
836;33-09803-L;Stop COROLLA 92 212-1967;1;;;;;;
837;33-09803-R;Stop COROLLA 92 212-1967;;;;;;;
;212-1955-L;Stop COROLLA AE80 Mod. 84~85~86~87 AMARILLO ABAJO;;;;;;;
;212-1955-R;Stop COROLLA AE80 Mod. 84~85~86~87 AMARILLO ABAJO;1;;;;;;
853;12-319-R;Stop COROLLA KE70;;;;;;;
385;12-322-R;Stop COROLLA KE70;;;;;;;
480;12-324-R;Stop COROLLA KE75 212-1913;;;;;;;
;212-19B9-R;Stop COROLLA Mod. 92-94 Auto;1;;;;;;
;212-19L4-L;Stop COROLLA Mod. 92~94~95~96~97  Auto    AE - 110;1;;;;;;
;212-19L4-R;Stop COROLLA Mod. 92~94~95~96~97  Auto    AE - 110;2;;;;;;
;212-2050-L;Stop COROLLA Mod. 98~2000                ;1;;;;;;
847;212-19Y002-U-R;Stop COROLLA Mod.98~99~2000  Auto    AE - 110;1;;;;;;
;20-120-R;Stop COROLLA2;;;;;;;
782;20-139-L;Stop COROLLA2;;;;;;;
1021;10-85-R;Stop CORONA 1 COLOR ;;;;;;;
;20-316-L;Stop CORONA 90 ;;;;;;;
470;20-317-R;Stop CORONA 90 ;;;;;;;
486;20-271-R;Stop CORONA 90 2 COLORES;1;;;;;;
768;20-274-L;Stop CORONA 90 2 COLORES;1;;;;;;
763;20-222-R;Stop CORONA 90 3 COLORES;;;;;;;
373;20-260-R;Stop CORONA 90 3 COLORES;;;;;;;
816;33-1300-L;Stop CORONA 99;;;;;;;
849;33-12103-R;Stop CORONA 99 rojo y blanco ;;;;;;;
574;53100-95J09;Stop CORSA;;;;;;;
570;53101-13011-TW;Stop CORSA;;;;;;;
;215-19G2-PXA-R;STOP CRISTALIZADO NISSAN PATROL ;1;;;;;;
;215-19W6-R;STOP CRISTALIZADO NISSAN PATROL ;1;;;;;;
660;220-61871-L;Stop DAIHATSU 95;;;;;;;
;212-1166-L;Stop Daihatsu GRAND MAX TOWN ACE LITE ACE 08~09~10~11~12~13~14;1;;;;;;
;212-1166-R;Stop Daihatsu GRAND MAX TOWN ACE LITE ACE 08~09~10~11~12~13~14;1;;;;;;
;212-1156-L;Stop DAIHATSU ROCKY CRISTAL Tunnig;2;;;;;;
;212-1156-R;Stop DAIHATSU ROCKY CRISTAL Tunnig;1;;;;;;
;42-3-L;Stop DATSUN B310 1979;;;;;;;
;42-3-R;Stop DATSUN B310 1979;;;;;;;
758;7157-L;Stop DATSUN B310 1979;1;;;;;;
;7157-R;Stop DATSUN B310 1979;1;;;;;;
196;11216-R;Stop DE LEGACY;;;;;;;
991;1132-215-L;Stop DE LEGACY;;;;;;;
;OEW2037;STOP DE MALETERA MITSUBISHI MONTERO (terecera luz );;;;;;;
1110;2143-L;Stop DELICA 93 L300 4X4 4G63  Mod 87~93;1;;;;;;
;335-1608-L;Stop DODGE NITRO Mod. 2007~2008~2009~2010~2011;1;;;;;;
;335-1914-R;Stop DODGE NITRO Mod. 2007~2008~2009~2010~2011;2;;;;;;
;334-1918-L;Stop DODGE RAM  PICK UP Mod.2007~2008~;1;;;;;;
;334-1918-R;Stop DODGE RAM  PICK UP Mod.2007~2008~;2;;;;;;
;334-1916-L;Stop DODGE RAM 1500 2500 PICK UP Mod.2002~2003~2004~2005~2006;1;;;;;;
;334-1916-R;Stop DODGE RAM 1500 2500 PICK UP Mod.2002~2003~2004~2005~2006;1;;;;;;
445;3313-R;Stop FORD EXPLORER MERCURY SPORT Mod.95~96~97~98~99~2000~2001~;1;;;;;;
937;257500-3532;Stop Ford RANGER Mod. 2008~2009~2010~2011;1;;;;;;
428;3311-L;Stop FORD Universal                                  NEW;1;;;;;;
724;220-24522-R;Stop FORESTER2000;;;;;;;
687;220-24555-L;Stop FORESTER2000;;;;;;;
115;317-1180-L;Stop FRONTIER 97~98~99~00~01~02 Americano Seguro COSTADO -19D4-19F9  ;1;;;;;;
1173;810100-G;Stop FX;;;;;;;
977;2787-L;Stop GRAND VIA 212-19B3;;;;;;;
978;2787-R;Stop GRAND VIA 212-19B3;;;;;;;
439;26-34-L;Stop HIACE CUADRADO ;;;;;;;
1062;212-32284-R;STOP HIACE LOBO TUNNIG ;;;;;;;
1077;212-63141-L;STOP HIACE LOBO TUNNIG ;;;;;;;
;212-1955-U-L;Stop HIACE Mod 84/87 ;;;;;;;
1037;212-1967-R;Stop HIACE Mod 84/87 ;1;;;;;;
;212-1994-L;Stop HIACE Mod. 90~2000 Minibus   LOBO;2;;;;;;
;212-1955-J-R;Stop HILUX Mod. 84~87 Borde negro;1;;;;;;
;212-1989-R;Stop HILUX Mod. 88~91~92~93~94~95~96~97;1;;;;;;
;212-2002;Stop HILUX Mod. 98~2000;1;;;;;;
788;33-09307-L;Stop HILUX SUF 96;;;;;;;
789;33-09307-R;Stop HILUX SUF 96;;;;;;;
;213-1908-2-R;Stop HILUX VIGO Mod. 2011~2012~2013~2014 Tailandes;2;;;;;;
;213-1908-L-2;Stop HILUX VIGO Mod. 2011~2012~2013~2014 Tailandes;1;;;;;;
;212-19W6-R;Stop HILUX VIGO REVO   Mod. 2015~2016~2017~2018. DEPO;;;;;;;
846;212-19Y002-U-L;Stop HILUX VIGO REVO   Mod. 2015~2016~2017~2018. DEPO;1;;;;;;
481;12-285-L;Stop HONDA CRV;1;;;;;;
504;12-291-R;Stop HONDA CRV;1;;;;;;
677;043-1536-L;Stop HONDA EG;1;;;;;;
678;043-1536-R;Stop HONDA EG;1;;;;;;
661;043-8557-L;Stop HONDA EK;;;;;;;
662;043-8557-R;Stop HONDA EK;;;;;;;
1114;043-6772-L;Stop HONDA VARIOS;;;;;;;
1115;043-6772-R;Stop HONDA VARIOS;;;;;;;
;222110-R;Stop HYUNDAI H1 STAREX 2008~09~10~11~12~13~14~15~16~2017;1;;;;;;
;222111-L;STOP HYUNDAI I10 2011-2012;;;;;;;
1122;222111-R;STOP HYUNDAI I10 2011-2012;;;;;;;
;223-1982-L;STOP HYUNDAI I10 2014-2016;1;;;;;;
740;220-20697-R;Stop IMPREZA;;;;;;;
654;220-22185-R;Stop IMPREZA;;;;;;;
688;220-24555-R;Stop INTEGRA HONDA;;;;;;;
686;220-24765-L;Stop INTEGRA HONDA;;;;;;;
962;16-45-R;Stop IO;;;;;;;
;16-88-R;Stop IO;;;;;;;
956;441-1130-R;Stop IPSUM;;;;;;;
;214-1128-L;Stop ISUZU LUV Mod.89~90~91~92~93~94~95~96 CROMADO Camioneta KB42 ;1;;;;;;
;214-1128-R;Stop ISUZU LUV Mod.89~90~91~92~93~94~95~96 CROMADO Camioneta KB42 ;1;;;;;;
;214-1140-L;Stop ISUZU LUV Mod.89~90~91~92~93~94~95~96 NEGRO Camioneta KB42 ;1;;;;;;
;214-1146-L;Stop ISUZU TROOPER 92~93~94~95~96~97~98~99~00~01~02 Wagon;1;;;;;;
1174;23521;Stop JEEP GRAN CHEROKEE 84~85~86~87~88~89~93~94~95~96~;1;;;;;;
;333-2803-L;Stop JEEP GRAN CHEROKEE 84~85~86~87~88~89~93~94~95~96~;2;;;;;;
;333-2803-R;Stop JEEP GRAN CHEROKEE 84~85~86~87~88~89~93~94~95~96~;3;;;;;;
249;6067-L;Stop jimmy led;1;;;;;;
249;6067-R;Stop jimmy led;1;;;;;;
107;231-1955-L;Stop KIA RIO IV  Mod. 2016~2017~2018~2019~2020~;2;;;;;;
;23300-12009;Stop KIA RIO IV Mod. 2016~2017~2018~2019~2020~ ;;;;;;;
;213-1908-1-L;Stop LAND CRUISER FJ100 Mod 2005~2006~ ;1;;;;;;
;213-1908-1-R;Stop LAND CRUISER FJ100 Mod 2005~2006~ ;;;;;;;
;212-1974-L;Stop LAND CRUISSER  FJ75 Mod.84~85~86~87~88 Wagon;1;;;;;;
;212-19AM-R;Stop LAND CRUISSER  FJ82  Mod. 93~94~95~96~97 ;1;;;;;;
;212-19B2-L;Stop LAND CRUISSER  FJ82  Mod. 93~94~95~96~97 ;1;;;;;;
;212-19B4-R;Stop LAND CRUISSER  FJ82  Mod. 93~94~95~96~97 ;1;;;;;;
;212-19A5-CR;Stop LAND CRUISSER  FJ82  Mod. 93~94~95~96~97 JAPONES;1;;;;;;
;212-19AM-L;Stop LAND CRUISSER  FJ82  Mod. 93~94~95~96~97 JAPONES;1;;;;;;
;212-1951-R;Stop LAND CRUISSER DINA Mod.74~81 UNIVERSAL;1;;;;;;
;212-1955-J-L;Stop LAND CRUISSER DINA Mod.74~81 UNIVERSAL;1;;;;;;
;212-1970-L;Stop LAND CRUISSER FJ60/62 Mod. 81~89 Wagon  ;1;;;;;;
;212-1970-R;Stop LAND CRUISSER FJ60/62 Mod. 81~89 Wagon  ;;;;;;;
;212-19F1-PTA;Stop LAND CRUISSER FJ70-LT79 Mod. 93~2020 Wagon;1;;;;;;
;212-19F9-L;Stop LAND CRUISSER FJ70-LT79 Mod. 93~2020 Wagon;2;;;;;;
756;1231-L;Stop LEVIN AE 92;;;;;;;
699;7344-L;Stop LEVIN TOYOTA LEVIN 90;;;;;;;
700;7344-R;Stop LEVIN TOYOTA LEVIN 90;1;;;;;;
1028;7379-L;Stop LEVN 92;;;;;;;
1029;7379-R;Stop LEVN 92;;;;;;;
305;3009-L;Stop LITE ACE  212-1983;;;;;;;
306;3009-R;Stop LITE ACE 212-1983;;;;;;;
1109;5048-R;Stop MARCH  ;;;;;;;
;5069-L;Stop MARCH  ;;;;;;;
77;217-1519-R;Stop Mazda BT-50 Mod.2012~2014 Pick Up Camioneta;;;;;;;
79;217-1522-L;Stop Mazda BT-50 Mod.2012~2014 Pick Up Camioneta;;;;;;;
80;217-1522-R;Stop MAZDA BT-50 Mod.2015~2016~2017~2018~2019~2020;;;;;;;
;217-1531-L;Stop MAZDA BT-50 Mod.2015~2016~2017~2018~2019~2020;1;;;;;;
;215-1509-R;Stop MIRAGE SPACE STAR  Mod. 2012~2013~2014~2015  ;1;;;;;;
645;MB952979-L;STOP MITSUBISHI CARISMA 97-99;;;;;;;
646;MB952979-R;STOP MITSUBISHI CARISMA 97-99;;;;;;;
;312-1186-L-U;Stop MITSUBISHI CHARIOT GRANDIS;;;;;;;
;312-1186-R-U;Stop MITSUBISHI CHARIOT GRANDIS;;;;;;;
778;10-120-L;Stop MITSUBISHI COULT 3 1989;1;;;;;;
352;10-32247-L;Stop MITSUBISHI COULT 3 1989;1;;;;;;
466;05-32-R;Stop MITSUBISHI GALANT ;;;;;;;
1033;12-127-R;Stop MITSUBISHI JUNIOR;1;;;;;;
337;12-148-L;Stop MITSUBISHI JUNIOR;1;;;;;;
;215-1427-R;Stop Mitsubishi LANCER Mod. 92~93~94~95~96 LIBERO;1;;;;;;
233;0455-L;STOP MITSUBISHI MONTERO BORDE NEGRO ;1;;;;;;
222;0455-N-L;STOP MITSUBISHI MONTERO BORDE NEGRO ;1;;;;;;
;215-1509-L;Stop Mitsubishi MONTERO PAJERO Mod. 2007~2008;1;;;;;;
729;220-52458-L;Stop MITSUBSHI DELICA;;;;;;;
730;220-52458-R;Stop MITSUBSHI DELICA;;;;;;;
250;0815-L;Stop MONTERO 214-1922;1;;;;;;
;08423-42040;Stop MONTERO 214-1922;1;;;;;;
;215-1111-L;Stop MONTERO Mod. 92~93~94~95~96~97 Cromado;1;;;;;;
;215-1111-R;Stop MONTERO Mod. 92~93~94~95~96~97 Negro;1;;;;;;
;215-1129-L;Stop MONTERO Mod. 92~93~94~95~96~97 Negro;1;;;;;;
;215-1129-R;Stop MONTERO Mod. 92~93~94~95~96~97 TUNING PARTS    PAR;1;;;;;;
;215-1427-L;Stop MONTERO Mod. 92~93~94~95~96~97 TUNING PARTS    PAR;2;;;;;;
;215-1504-R-4;Stop MONTERO NATIVA 2000~01~02~03~04~05~09~10~11~12~13~2014;1;;;;;;
745;220-32224-L;Stop NA 20 URVAN 215-1942;1;;;;;;
746;220-32224-R;Stop NA 20 URVAN 215-1942;1;;;;;;
979;4856-L;Stop nissan AD 99 wingroad;1;;;;;;
980;4856-R;Stop nissan AD 99 wingroad;1;;;;;;
721;7327-L;Stop NISSAN AD WAGON ;;;;;;;
663;220-37508-L;Stop NISSAN AD Y10;1;;;;;;
664;220-37508-R;Stop NISSAN AD Y10;;;;;;;
;215-1993-L;Stop Nissan ATLAS / CABSTAR H40 Mod.94 Camion;1;;;;;;
;215-1993-R;Stop Nissan ATLAS / CABSTAR H40 Mod.94 Camion;1;;;;;;
738;4340-R;Stop NISSAN B11 LARGO;;;;;;;
1018;33-1105-R;Stop NISSAN CUSTOM E 24;1;;;;;;
848;33-12103-L;Stop NISSAN CUSTOM E 24;1;;;;;;
;216-19AG-L;STOP NISSAN FRONTIER PICK UP MODELO 97-98-99-00-01 TUNING;1;;;;;;
74;216-19AG-R;STOP NISSAN FRONTIER PICK UP MODELO 97-98-99-00-01 TUNING;1;;;;;;
830;7337-L;Stop NISSAN MARCH 97 a rayas ;1;;;;;;
831;7337-R;Stop NISSAN MARCH 97 a rayas ;1;;;;;;
71;216-1992-L;Stop Nissan PATROL ~ SAFARI  Mod. 2000~2004  NEW;1;;;;;;
72;216-1992-R;Stop Nissan PATROL ~ SAFARI  Mod. 2000~2004  NEW;1;;;;;;
854;220-76610-L;Stop NISSAN PHATFINDER ;1;;;;;;
;215-1991-CR-3;Stop Nissan PICK-UP Camioneta Minidatsun;1;;;;;;
;215-1991-CR-R;Stop Nissan PICK-UP Camioneta Minidatsun;1;;;;;;
;215-19AA-L;Stop Nissan PICK-UP Mod.86/93/97 Camioneta  ROJO Y BLANCO;2;;;;;;
;215-19B9-L;Stop Nissan PICK-UP Mod.86/93/97 Camioneta  ROJO Y BLANCO;2;;;;;;
878;74071-60R00-L;Stop NISSAN PULSAR ;;;;;;;
879;74071-60R00-R;Stop NISSAN PULSAR ;;;;;;;
;220-6693-L;Stop NISSAN SERENA;;;;;;;
;220-6693-R;Stop NISSAN SERENA;;;;;;;
855;220-76610-R;STOP NISSAN SKYLINE ;;;;;;;
;2200-L;STOP NISSAN SKYLINE ;;;;;;;
;44-26-L;Stop NISSAN SUNNY B12;;;;;;;
;44-26-R;Stop NISSAN SUNNY B12;;;;;;;
752;7352-R;Stop NISSAN SUNNY B13 DOBLE LINEA 215-1991;2;;;;;;
;7362-L;Stop NISSAN SUNNY B13 DOBLE LINEA 215-1991;1;;;;;;
;215-19F8-R;Stop Nissan SUNNY SENTRA B12 Mod.87~88~89  ;1;;;;;;
;215-19G2-PXA-L;Stop Nissan SUNNY SENTRA B12 Mod.87~88~89  ;1;;;;;;
;215-19F8-L;Stop Nissan URVAN Mod.90~ E24 Minibus E2;;;;;;;
829;33-07803-R;STOP ORIGINAL DELICA;1;;;;;;
773;33-09303-R;STOP ORIGINAL DELICA;1;;;;;;
1133;121219;STOP PATROL 2002;2;;;;;;
1031;043-1566-R;Stop PRELUDE ;;;;;;;
681;043-1593-L;Stop PRELUDE ;;;;;;;
1046;7309-R;Stop PRESSEA ;1;;;;;;
1016;7324-L;Stop PRESSEA ;1;;;;;;
;213-1506-Y-L;Stop RAV 4 ADVANTAGE  Mod. 2001~2002~2003~2004~ Tipo Europeo Manual;1;;;;;;
276;4219-E3-R;Stop rav4 97;1;;;;;;
277;4219-R;Stop rav4 97;1;;;;;;
819;1079-L;Stop REFLEX EP91;;;;;;;
135;553-1101-LDEM2-L;STOP RENAULT CAPTUR;;;;;;;
;551-19AQ-R;Stop Renault DUSTER  Mod.2013~2014~2015~2016~;1;;;;;;
;551-19AJ-R;Stop Renault DUSTER Mod.2013~2014~2015;2;;;;;;
1055;55101-26020;STOP RENAULT KIWID;;;;;;;
;551-1999-R;Stop Renault KOLEOS Mod.2008~2009~2010~2011~2012~13~2014~2015~;1;;;;;;
943;551-19A2-R;Stop Renault KOLEOS Mod.2008~2009~2010~2011~2012~13~2014~2015~;1;;;;;;
;551-19AC-R;Stop Renault SANDERO STEPWAY Mod. 2012~2013~2014~2015;;;;;;;
1068;045-3966-L;Stop RVR 92 ;1;;;;;;
1069;045-3966-R;Stop RVR 92 ;1;;;;;;
223;0455-N-R;Stop RVR BI COLOR;;;;;;;
234;0455-R;Stop RVR BI COLOR;;;;;;;
994;2155-R;Stop SENTRA Mod. 92~93 Auto;2;;;;;;
;330-1112-R;Stop SOLEI EP82;;;;;;;
;330-1112-L;Stop SOLEI EP82 ;;;;;;;
;120-37623-R;Stop SPRINTER 93;;;;;;;
;P1944-L;Stop stanley;1;;;;;;
;P1944-R;Stop stanley;1;;;;;;
;P5613-L;Stop stanley;1;;;;;;
;P5613-R;Stop stanley;1;;;;;;
614;1149-204-L;Stop STARLET;;;;;;;
615;1149-204-R;Stop STARLET;;;;;;;
807;53-12003-R;Stop starlet;1;;;;;;
764;53-07901-L;Stop STARLET EP82;;;;;;;
765;53-07901-R;Stop STARLET EP82;;;;;;;
;2200-R;Stop STARLET EP82 TURBO;;;;;;;
;220635-R;Stop STARLET EP82 TURBO;;;;;;;
;1288-L;Stop starlet gt glanza;1;;;;;;
343;1299-R;Stop starlet gt glanza;1;;;;;;
698;4363-R;Stop SUABU DOMINGO;1;;;;;;
697;4363-L;Stop SUABU DOMINGO RASPADILLO EF 12;1;;;;;;
653;220-22220-L;Stop SUBARU 97;;;;;;;
723;220-24522-L;Stop SUBARU 97;;;;;;;
217;2105-L;Stop SUBARU DOMINGO;;;;;;;
218;2105-R;Stop SUBARU DOMINGO;;;;;;;
97;220-1105-L;STOP SUBARU IMPREZA ROJO BLANCO WAGON ;;;;;;;
98;220-1105-R;STOP SUBARU IMPREZA ROJO BLANCO WAGON ;;;;;;;
739;220-20697-L;Stop SUBARU LEGACY 92 VERIFICAR MOD;;;;;;;
148;846-L;Stop SUNNY B13 215-1967;;;;;;;
149;846-R;Stop SUNNY B13 215-1967;1;;;;;;
;216-1139-R;Stop SUNNY SENTRA Mod. ~2000~2001~2002~2003~2004;1;;;;;;
;216-1165-L;Stop SUNNY SENTRA Mod.92~93~94~95~96~97~98~99~2000~01~2002;1;;;;;;
;P6882-L;STOP SUZUKI APV PASAJEROS;;;;;;;
;218-1942-R;Stop Suzuki SAMURAI;;;;;;;
95;218-1983-L;STOP SUZUKI VITARA XL7 CRISTALIZADO ;2;;;;;;
96;218-1983-R;STOP SUZUKI VITARA XL7 CRISTALIZADO ;1;;;;;;
94;218-1949-R;Stop Suzuqui  VITARA/ESCUDO 90/9..;1;;;;;;
;2183-R;Stop Suzuqui CARRY EVERY WAGON Mod.2003~2004    SUZUQUI  APV;1;;;;;;
;219-1406-l;Stop Suzuqui ERTIGA Mod. 2011 2012~2013~2014;1;;;;;;
;219-1405-L;Stop Suzuqui GRAN VITARA Mod.2005 Cristal 2;;;;;;;
;219-1405-R;Stop Suzuqui GRAN VITARA Mod.2005 Cristal 2;2;;;;;;
400;25-72-R;"Stop Suzuqui PRONTO 99/2000 EVERY 2000 ""SUZUKI"" Zapatito  Blanco/Rojo";1;;;;;;
944;218-1974-R;Stop Suzuqui SWIFT Mod. 90 CULTUS;1;;;;;;
;314-1132-PXAS2-L;Stop Toyota 4RUNNER Mod. 2013~2014~2015~2016~2017. LED;;;;;;;
;314-1132-PXAS2-R;Stop Toyota 4RUNNER Mod. 2013~2014~2015~2016~2017. LED;;;;;;;
832;7370-L;STOP TOYOTA CALDINA A MUELLE ROJO BLANCO ;;;;;;;
833;7370-R;STOP TOYOTA CALDINA A MUELLE ROJO BLANCO ;;;;;;;
471;20-383-L;Stop TOYOTA CARINA 91;;;;;;;
472;20-383-R;Stop TOYOTA CARINA 91;;;;;;;
1038;12-353-R;Stop TOYOTA COROLLA 212-1935-1;1;;;;;;
114;314-1126-R;Stop Toyota COROLLA Mod 2014~2015~2016~2017~2018~2019  ;1;;;;;;
762;20-222-L;STOP TOYOTA CORONA 1983 (rojo / Naranja);;;;;;;
485;20-271-L;Stop TOYOTA CORONA con retro;1;;;;;;
;212-1994-R;Stop Toyota HIACE Mod. 90~ minibus LOBO;1;;;;;;
716;33-10505-R;Stop TOYOTA LEVIN ;;;;;;;
1017;33-1105-L;Stop TOYOTA LEVIN ;;;;;;;
;212-2050-R;Stop Toyota PRADO CRISTAL TUNING 95/99 FJ90 VAGONE;1;;;;;;
;212-2901N;Stop Toyota PRADO CRISTAL TUNING 95/99 FJ90 VAGONE;1;;;;;;
;330-1501-L;Stop TOYOTA SINOS VERIFICAR;;;;;;;
;213-1912-L;Stop TOYOTA SUCCED 212-19Y002;;;;;;;
;213-1926-L;Stop TOYOTA SUCCED 212-19Y002;;;;;;;
817;33-1300-R;Stop TOYOTA TERCEL;1;;;;;;
1045;33-13003-R;Stop TOYOTA TERCEL;1;;;;;;
964;32-41-L;Stop TOYOTA WINDOWN;;;;;;;
;320-1111-L;Stop TOYOTA WINDOWN;;;;;;;
834;12-426-L;Stop TRUENO 90 ;;;;;;;
520;12-422-R;Stop TRUENO 90  AE92;;;;;;;
;221-1108-L;Stop TRUENO 96;;;;;;;
;221-1147-L;Stop TRUENO 96;1;;;;;;
;110-37746-L;Stop universal BUS 2000 Claro;2;;;;;;
722;7327-R;Stop VERIFICAR;;;;;;;
639;220-51616-R;Stop VIATARA ESCUDO;1;;;;;;
358;32-22-R;Stop VITARA CHEVROLET TRACKER     Mod.98~03;1;;;;;;
638;220-51616-L;Stop VITARA ESCUDO ;1;;;;;;
;219-1406-R;Stop VITARA Mod. 2015~2016~2017;;;;;;;
;219-1506-SET;Stop VITARA Mod. 2015~2016~2017;;;;;;;
;52119-13070;Stop VITZ;1;;;;;;
131;441-19C5-L;Stop Volkswagen AMAROK Mod.2009~2010~2011~2012~    Manual Negro;2;;;;;;
132;441-19C5-R;Stop Volkswagen AMAROK Mod.2009~2010~2011~2012~    Manual Negro;2;;;;;;
;4413-L;Stop Volkswagen GOLD Mod.2013~2014~2015~2016~ 5 puertas ;1;;;;;;
;4413-R;Stop Volkswagen GOLD Mod.2013~2014~2015~2016~ 5 puertas ;1;;;;;;
;441-19F4-L;Stop Volkswagen SAVEIRO Mod. 2010~2011~2013~2014~2015;;;;;;;
;441-19F4-R;Stop Volkswagen SAVEIRO Mod. 2010~2011~2013~2014~2015;;;;;;;
368;05-31-L;Stop-LANCER 92 214-1942;;;;;;;
945;221-1160-2L;SWITCH SUZUKI VITARA ESCUDO DERECHO ;;;;;;;
;DS-2007;Tacometro;;;;;;;
;TT-SUBARU;Tapa central de tablero subaru forester;5;;;;;;
;TT-SUBARU-C;Tapa central de tablero subaru forester;1;;;;;;
;TP-A-SF5-99-L-N;Tapa de alogeno subaru forester 97-2000 NEGRO;;;;;;;
;TP-A-SF5-99-L-B;Tapa de alogeno subaru forester 97-2001 BLANCO;3;;;;;;
;TP-A-SF5-99-R-B;Tapa de alogeno subaru forester 97-2001 BLANCO;3;;;;;;
;TP-A-SF5-99-R-G;Tapa de alogeno subaru forester 97-2001 GRID PLOMO;;;;;;;
;TP-A-SF5-99-L-G;Tapa de alogeno subaru forester 97-2001 GRIS PLOMO;;;;;;;
;TP-A-SF5-99-R-N;Tapa de alogeno subaru forester 97-2001 NEGRO;;;;;;;
;TP-A-SF5-99-L;Tapa de alogeno subaru forester 97-2001 SIN LOGO;;;;;;;
;TP-A-SF5-99-R;Tapa de alogeno subaru forester 97-2001 SIN LOGO;;;;;;;
;C-TSU-SUB-UNI;TAPA DE CARBONO DE MOTOR LEGACY ;1;;;;;;
;T-AE86-F;TAPA DE FRENO DE MANO COROLLA AE86;;;;;;;
365;F-AE86-L;TAPA DE HALOGENO IMPREZA;3;;;;;;
;F-M-JUNIOR;TAPA DE HALOGENO IMPREZA;3;;;;;;
;T-NISS-STOP-F-L;TAPA DE STOP NISSAN CUSTOM FIBRA;2;;;;;;
;T-NISS-STOP-F-R;TAPA DE STOP NISSAN CUSTOM FIBRA;2;;;;;;
928;TT-FORESTER-F;Tapa de TABLERO FORESTER 97-2000 FIBRA;;;;;;;
1000;SB11013A-L;Tapabarro FORESTER Mod. 98~99~2000~2001~2002;;;;;;;
1001;SB11013A-R;Tapabarro FORESTER Mod. 98~99~2000~2001~2002;;;;;;;
;TY11106;TAPABARRO HILUX SURF ;;;;;;;
;MR954175-L;Tapabarro lancer 2006;1;;;;;;
;MR954175-R;Tapabarro lancer 2006;1;;;;;;
996;36401-8500-R;TERCERA LUZ DE SUZUKI AWIFT 2017;;;;;;;
;860302;TERMINAL DE DIRECCION NISSAN E25 SE-4971;10;;;;;;
;860135;TERMINAL DIREC TOY KE70 LARGO CURVEADO;;;;;;;
1151;860101;TERMINAL DIREC.  NISSAN E24 1991-2002 L/R;12;;;;;;
;860105;TERMINAL DIREC. TOY KE70 78/87 T/TRAS CORTO;2;;;;;;
;F-TA-FORESTER;TOMA AIRE FORESTER;1;;;;;;
;F-TA-IMPREZA;TOMA AIRE IMPREZA;1;;;;;;
;F-TSU-SUB-FOR;TOMA DE AIRE TSUNAMI SUBARU FORESTER ;;;;;;;
;F-TSU-SUB-IMP;TOMA DE AIRE TSUNAMI SUBARU IMPREZA ;;;;;;;
900;CALIPER-VAR;TOMA DE AIRE TSUNAMI UNIVERSAL CARBONO ;;;;;;;
289;3494-L;TOYOTA ;;;;;;;
516;35-43-R;TOYOTA EP82;;;;;;;
;TY3112A-R-R;TRACERO DERECHO ;1;;;;;;
;TD-06;TURBO NUEVO SUBARU EJ20 TURBO ;;;;;;;
935;TD-04;TURBO TD04;;;;;;;
;123629;UNIVERSAL ;;;;;;;
1027;4287-R;VARIOS VERIFICAR;;;;;;;
;850016;Velocimetro SUBARU forester;;;;;;;
;123638;Velocimetro SUBARU impreza;;;;;;;
378;26-32-R;Velocimetro SUBARU lite ace;;;;;;;
;47-212-1142-R-K;Vidrio de farol COROLLA Mod. 92~95;1;;;;;;
;47-59-L;Vidrio de farol COROLLA Mod. 92~95;1;;;;;;
710;47-59-R;Vidrio de farol COROLLA Mod. 92~95;1;;;;;;
;850020;;1;;;;;;
5;860010;;;;;;;;
6;860011;;9;;;;;;
;860014;;1;;;;;;
;860021;;60;;;;;;
15;860041;;8;;;;;;
16;860042;;2;;;;;;
1155;860047;;;;;;;;
27;860129;;;;;;;;
1140;860143;;6;;;;;;
29;870044;;10;;;;;;
1014;870045;;10;;;;;;
1124;001-6557-R;;2;;;;;;
406;120-87194-R;;;;;;;;
347;1439-L;;1;;;;;;
488;20-262-L;;;;;;;;
;21-16-R;;;;;;;;
;212-1169-L;;;;;;;;
57;214-1148-L;;;;;;;;
62;214-1163-R;;;;;;;;
953;214-1199-L;;;;;;;;
63;214-1515-CY-L;;1;;;;;;
64;214-1515-CY-R;;1;;;;;;
1111;2143-R;;;;;;;;
;215-1504-L-4;;;;;;;;
;215-1542-R;;;;;;;;
;215-1543-L;;;;;;;;
;215-1562-R;;;;;;;;
;215-1575-L;;;;;;;;
;215-1968-PXA-L;;;;;;;;
993;2155-L;;;;;;;;
;216-1165-R;;;;;;;;
69;216-1175-L;;;;;;;;
70;216-1175-R;;;;;;;;
449;2165-L;;;;;;;;
76;217-1111 PXA-R;;;;;;;;
;218-1164-R;;;;;;;;
87;218-1170-L;;;;;;;;
;218-1502-L;;;;;;;;
;218-1502-R;;;;;;;;
93;218-1949-L;;1;;;;;;
;2183-L;;;;;;;;
1196;220-1402-PXA-2-L;;;;;;;;
1197;220-1402-PXA-2-R;;;;;;;;
;223-1982-R;;;;;;;;
399;24522-R;;;;;;;;
375;26-13-L;;1;;;;;;
;315-1195-L;;;;;;;;
;315-1503-L-Y;;;;;;;;
986;3162-R;;;;;;;;
442;3226-R;;1;;;;;;
121;323-1105-L;;1;;;;;;
;330-1501-R;;;;;;;;
;330-1504-R;;1;;;;;;
;331-1129-L;;;;;;;;
;331-1129-R;;;;;;;;
;331-1524-R;;1;;;;;;
;331-1903-L;;1;;;;;;
429;3311-R;;;;;;;;
;333-1608-R;;;;;;;;
;551-19AC-L;;1;;;;;;
1146;870051-O;;;;;;;;
30;870059-G;;;;;;;;
32;870063-G;;;;;;;;
;870090-G;;;;;;;;
;870121-G;;;;;;;;
1141;A-2158;;;;;;;;
;A33-1198-L;;1;;;;;;
;Am0709-L;;1;;;;;;
161;AP-P;;1;;;;;;
;C-86011-12;;;;;;;;
169;C-CIVIC-92;;;;;;;;
176;C-CULTUS-91;;;;;;;;
1092;CH-216036;;;;;;;;
;CH-216071;;;;;;;;
565;CHI-P-M;;;;;;;;
1199;CON-R-VAR;;;;;;;;
;DS04072BA;;1;;;;;;
;DS07413GA;;1;;;;;;
202;E-HONDA-VAR;;1;;;;;;
1108;F-PT-FORESTER;;4;;;;;;
;HN11078-L;;1;;;;;;
;HN11078-R;;1;;;;;;
;P5996-L;;;;;;;;
;P5996-R;;;;;;;;
;RN10060-L;;;;;;;;
;RN11052B-L;;1;;;;;;
;RN11052B-R;;1;;;;;;
;SZ04092BA;;1;;;;;;
;SZ07024GA;;1;;;;;;
;SZ07067GA;;1;;;;;;
;SZ99020AL;;1;;;;;;
;SZ99020AR;;1;;;;;;
;TH-1950-C-L;;1;;;;;;
;TQ-514-0;;;;;;;;
;TY07081GA;;;;;;;;
;TY07204GA;;1;;;;;;
;TY11071A-L;;1;;;;;;
;TY11106A-L;;;;;;;;
;TY11106A-R;;;;;;;;
;TY11367-A-L;;1;;;;;;
;TY11367-A-R;;1;;;;;;
;TY20032A;;1;;;;;;
;TY231A;;;;;;;;
;TY232A;;;;;;;;
;TY30181;;1;;;;;;
;TY3112S-FR-L;;1;;;;;;
;TY3112S-FR-R;;1;;;;;;
;TY3112S-R;;1;;;;;;
;TY3155-AF-L;;1;;;;;;
;TY3155-AF-R;;1;;;;;;
;TY4088BA;;;;;;;;
;TY7286-L-B;;;;;;;;
;YT7010-L;;1;;;;;;
;YT7013-C-L;;1;;;;;;
;YT7013-C-R;;1;;;;;;
;YT7230-CE-R;;1;;;;;;
;YT7272-R;;1;;;;;;
;;;;;;;;;